,String,etc,Author,Title,Journal,Year,Volume,Release,Start page,End page,Link
0,"Альфонсова Е. В. Изменение некоторых показателей системы гемостаза при лактат-ацидозе // Фундаментальные исследования. – 2013. – Т. 2, № 5. https://doi.org/10.18093/0869-0189-2014-0-6-108-114.","// – – Т. 2, № 5. https://doi.org/10.18093/0869-0189-2014-0-6-108-114.",Альфонсова Е. В.,Изменение некоторых показателей системы гемостаза при лактат-ацидозе,Фундаментальные исследования.,2013.,-,-,-,-,-
1,"Аметов А. С., Соловьева О. Л. Нарушения в системе гемостаза при сахарном диабете и пути их коррекции при назначении комбинированной терапии Диабетоном МВ и метформином // Сахарный диабет. – 2007. – Т. 10, № 3. – С. 33–39. https://doi.org/10.14341/2072-0351-5995.","// – – Т. 10, № – С. 33–39. https://doi.org/10.14341/2072-0351-5995.","Аметов А. С., Соловьева О. Л.",Нарушения в системе гемостаза при сахарном диабете и пути их коррекции при назначении комбинированной терапии Диабетоном МВ и метформином,Сахарный диабет.,2007. 3.,-,-,-,-,-
2,"Ананьев Е. П., Полупан А. А., Мацковский И. В. и др. Использование режима IntelliVent-ASV для поддержания целевого диапазона EtCO2 у пациентов с тяжелой ЧМТ // Вопросы нейрохирургии. – 2017. – № 5. – С. 63–68. DOI:10.17116/neiro201781563. https://doi.org/10.17116/neiro201781563",и др. // – – № – С. DOI:10.17116/neiro201781563. https://doi.org/10.17116/neiro201781563,"Ананьев Е. П., Полупан А. А., Мацковский И. В.",Использование режима IntelliVent-ASV для поддержания целевого диапазона EtCO2 у пациентов с тяжелой ЧМТ,Вопросы нейрохирургии. 63–68.,2017. 5.,-,-,-,-,-
3,"Андреенко А. А., Долбнева Е. Л., Стамов В. И. Обеспечение проходимости верхних дыхательных путей в стационаре. Клинические рекомендации Федерации анестезиологов-реаниматологов России (второй пересмотр, 2018 г.) // Вестник интенсивной терапии им. А. И. Салтанова. – 2019. – Т. 2. – C. 7–31. DOI: 10.21320/1818-474X-2019-2-7-31.",стационаре. // Салтанова. – – Т. 2. – C. 7–31. DOI: 10.21320/1818-474X-2019-2-7-31.,"Андреенко А. А., Долбнева Е. Л., Стамов В. И. 2018","Обеспечение проходимости верхних дыхательных путей в Клинические рекомендации Федерации анестезиологов-реаниматологов России пересмотр, г.) интенсивной терапии им.",(второй Вестник А. И.,2019.,-,-,-,-,-
4,"Андрейченко С. А., Бычинин М. В., Коршунов Д. И. и др. Синдром приобретенной в ОРИТ слабости у больных с дыхательной недостаточностью // Клиническая практика. – 2021. – Vol. 12, № 2. – P. 5–13. doi:10.17816/clinpract72074.","и др. // – – Vol. 12, № – P. doi:10.17816/clinpract72074.","Андрейченко С. А., Бычинин М. В., Коршунов Д. И.",Синдром приобретенной в ОРИТ слабости у больных с дыхательной недостаточностью,Клиническая практика. 5–13.,2021. 2.,-,-,-,-,-
5,"Афанасьев Б. В., Зубаровская Л. С., Моисеев И. С. Аллогенная трансплантация гемопоэтических стволовых клеток у детей: настоящее, проблемы, перспективы // Российский журнал детской гематологии и онкологии (РЖДГиО). – 2015. – Т. 2, № 2. – С. 28–42. – doi: 10.17650/2311-1267-2015-2-2-28-42.","// – – Т. 2, № – С. 28–42. – doi: 10.17650/2311-1267-2015-2-2-28-42.","Афанасьев Б. В., Зубаровская Л. С., Моисеев И. С.","Аллогенная трансплантация гемопоэтических стволовых клеток у детей: настоящее, проблемы, перспективы журнал детской гематологии и онкологии",Российский (РЖДГиО).,2015. 2.,-,-,-,-,-
6,"Афуков И. И., Степаненко С. М., Михельсон В. А. Искусственная вентиляция легких методом управляемого давления и гарантированного объема у новорожденных // Общая реаниматология. - 2005. - Т. 1, № 6. - С. 33-37. Doi:10.15360/1813-9779-2005-6-33-37.","// - - Т. 1, № 6. - С. 33-37. Doi:10.15360/1813-9779-2005-6-33-37.","Афуков И. И., Степаненко С. М., Михельсон В. А.",Искусственная вентиляция легких методом управляемого давления и гарантированного объема у новорожденных,Общая реаниматология.,2005.,-,-,-,-,-
7,"Багненко С. Ф., Миннуллин И. П., Мирошниченко А. Г. Направления совершенствования организации скорой, в том числе скорой специализированной, медицинской помощи, специализированной медицинской помощи в экстренной и неотложной формах и медицинской эвакуации в субъекте Российской Федерации // Вестн. Росздравнадзора. – 2019. – № 3. – С. 70–74. Doi: 10.35576/article_5d135f4a728e49.79827942.",// Росздравнадзора. – – № – С. 70–74. Doi: 10.35576/article_5d135f4a728e49.79827942.,"Багненко С. Ф., Миннуллин И. П., Мирошниченко А. Г.","Направления совершенствования организации скорой, в том числе скорой специализированной, медицинской помощи, специализированной медицинской помощи в экстренной и неотложной формах и медицинской эвакуации в субъекте Российской Федерации",Вестн.,2019. 3.,-,-,-,-,-
8,"Баздырев Е. Д., Поликутина О. М., Каличенко Н. А. Кардиореспираторные послеоперационные осложнения у пациентов с ишемической болезнью сердца после планового коронарного шунтирования: связь с функцией легких // Патология кровообращения и кардиохирургия. – 2017. – Т. 21, № 2. – С. 85–97. doi.org/10.21688/1681–3472–2017–2–85–97.","// – – Т. 21, № – С. doi.org/10.21688/1681–3472–2017–2–85–97.","Баздырев Е. Д., Поликутина О. М., Каличенко Н. А.",Кардиореспираторные послеоперационные осложнения у пациентов с ишемической болезнью сердца после планового коронарного шунтирования: связь с функцией легких кровообращения и,Патология кардиохирургия. 85–97.,2017. 2.,-,-,-,-,-
9,"Бакиров Б. А., Сахаутдинова И. В., Марон А. Д. Особенности системы гемостаза у беременных с осложненным акушерским анамнезом // Креативная хирургия и онкология. – 2018. – Т. 8, № 2. – С. 125–129. https://doi.org/10.24060/2076-3093-2018-8-2-41-45.","// – – Т. 8, № – С. 125–129. https://doi.org/10.24060/2076-3093-2018-8-2-41-45.","Бакиров Б. А., Сахаутдинова И. В., Марон А. Д.",Особенности системы гемостаза у беременных с осложненным акушерским анамнезом хирургия и,Креативная онкология.,2018. 2.,-,-,-,-,-
10,"Баутин А. Е., Ксендикова А. В., Белолипецкий С. С. и др. О возможности использования фармакологических индексов для прогнозирования течения послеоперационного периода кардиохирургических вмешательств // Вестник интенсивной терапии им. А. И. Салтанова. – 2019. – № 2. – С. 66–74. doi: 10.21320/1818-474X-2019-2-66-74.",и др. // Салтанова. – – № – С. 66–74. doi: 10.21320/1818-474X-2019-2-66-74.,"Баутин А. Е., Ксендикова А. В., Белолипецкий С. С.",О возможности использования фармакологических индексов для прогнозирования течения послеоперационного периода кардиохирургических вмешательств интенсивной терапии им.,Вестник А. И.,2019. 2.,-,-,-,-,-
11,"Баутин А. Е., Ксендикова А. В., Белолипецкий С. С. и др. О возможности использования фармакологических индексов для прогнозирования течения послеоперационного периода кардиохирургических вмешательств // Вестник интенсивной терапии им. А. И. Салтанова. – 2019. – № 2. – С. 66–74. https://doi.org/10.21320/1818-474X-2019-2-66-74.",и др. // Салтанова. – – № – С. 66–74. https://doi.org/10.21320/1818-474X-2019-2-66-74.,"Баутин А. Е., Ксендикова А. В., Белолипецкий С. С.",О возможности использования фармакологических индексов для прогнозирования течения послеоперационного периода кардиохирургических вмешательств интенсивной терапии им.,Вестник А. И.,2019. 2.,-,-,-,-,-
12,"Бахарев С. А., Попугаев К. А., Киселев К. В. и др. Механизмы развития геморрагических осложнений при проведении экстракорпоральной мембранной оксигенации. Пилотное исследование // Анестезиология и реаниматология. – 2020. – № 1. – С. 25–34. doi:10.17116/anaesthesiology202001125.",и др. оксигенации. // – – № – С. doi:10.17116/anaesthesiology202001125.,"Бахарев С. А., Попугаев К. А., Киселев К. В.",Механизмы развития геморрагических осложнений при проведении экстракорпоральной мембранной Пилотное исследование,Анестезиология и реаниматология. 25–34.,2020. 1.,-,-,-,-,-
13,"Белобородов В. Б. , Гусаров В. Г. , Дехнич А. В. и др. Диагностика и антимикробная терапия инфекций, вызванных полирезистентными микроорганизмами. Методические рекомендации Российская некоммерческая общественная организация «анестезиолый Ассоциация в-р еаниматологи», Межрегиональная общественная организация «Альянс клинических химиотерапевтов и микробиологи», Межрегиональная ассоциация по клинической микробиологии и антимикробная химиотерапия ( МАКМЫ ), общественная организация «Российский Сепсис Форум » // Вестник анестезиология и реаниматологии. - 2020.– Т. 17 , № 1. - С. 5 2 -8 3. DOI: 10.2129 2/2 07 8-5 65 8-2 02 0-17-1 -5 2-8 3.",и др. микроорганизмами. - 2020.– Т. № 1. - С. 5 -8 3. DOI: 2/2 07 3.,"Белобородов В. Б. , Гусаров В. Г. , Дехнич А. В. 2-8","Диагностика и антимикробная терапия инфекций, вызванных полирезистентными Методические рекомендации Российская некоммерческая общественная организация «анестезиолый Ассоциация в-р еаниматологи», Межрегиональная общественная организация «Альянс клинических химиотерапевтов и микробиологи», Межрегиональная ассоциация по клинической микробиологии и антимикробная химиотерапия ( МАКМЫ ), общественная организация «Российский Сепсис Форум » // анестезиология и 17 2 8-5 65 8-2 02 0-17-1 -5",Вестник реаниматологии.,", 10.2129",-,-,-,-,-
14,"Белобородов В.Б., Гусаров В.Г., Дехнич А.В., Замятин М.Н., Зубарева Н.А., Зырянов С.К., Камышова Д.А., Климко Н.Н., Козлов Р.С., Кулабухов В.В., Полушин Ю.С., Руднов В.А., Сидоренко С.В., Шлык И.В., Эдельштейн М.В., Яковлев С.В. Диагностика и антимикробная терапия инфекций, вызванных полирезистентными микроорганизмами. Методические рекомендации // Вестник анестезиологии и реаниматологии. – 2020. – Т. 17, № 1. – С. 52–83. DOI: 10.21292/2078-5658-2020-17-1-52-83.","микроорганизмами. // – – Т. 17, № – С. 52–83. DOI: 10.21292/2078-5658-2020-17-1-52-83.","Белобородов В.Б., Гусаров В.Г., Дехнич А.В., Замятин М.Н., Зубарева Н.А., Зырянов С.К., Камышова Д.А., Климко Н.Н., Козлов Р.С., Кулабухов В.В., Полушин Ю.С., Руднов В.А., Сидоренко С.В., Шлык И.В., Эдельштейн М.В., Яковлев С.В.","Диагностика и антимикробная терапия инфекций, вызванных полирезистентными Методические рекомендации анестезиологии и",Вестник реаниматологии.,2020. 1.,-,-,-,-,-
15,"Белобородова Н. В., Зуев Е. В., Замятин М. Н. и др. Этиотропная терапия COVID-19: критический анализ и перспективы // Общая реаниматология. – 2020. – № 16 (6). – С. 65–90. doi: 110.15360/1813-9779-2020-4-0-1.",и др. // – – № 16 (6). – С. 65–90. doi: 110.15360/1813-9779-2020-4-0-1.,"Белобородова Н. В., Зуев Е. В., Замятин М. Н.",Этиотропная терапия COVID-19: критический анализ и перспективы,Общая реаниматология.,2020.,-,-,-,-,-
16,Белоцерковская Ю. Г. Возможности клинического применения современных небулайзеров // Медицинский совет. – 2020. – Т. 17. – С. 50–55. doi. org/10.21518/2079-701X-2020-17-50-55.,// – – Т. 17. – С. doi. org/10.21518/2079-701X-2020-17-50-55.,Белоцерковская Ю. Г.,Возможности клинического применения современных небулайзеров,Медицинский совет. 50–55.,2020.,-,-,-,-,-
17,"Болобокина Т. А., Дементьев А. А., Шатрова Н. В. и др. Влияние работы в условиях пандемии коронавирусной инфекции на функциональное состояние центральной нервной системы медицинских работников станции скорой медицинской помощи // Вестник новых медицинских технологий. Электрогенное периодическое издание. – 2020. – № 6. – С. 81–86. https://doi.org/:10.24411/2075-4094-2020-16744.",и др. // технологий. – – № – С. 81–86. https://doi.org/:10.24411/2075-4094-2020-16744.,"Болобокина Т. А., Дементьев А. А., Шатрова Н. В.",Влияние работы в условиях пандемии коронавирусной инфекции на функциональное состояние центральной нервной системы медицинских работников станции скорой медицинской помощи новых медицинских Электрогенное,Вестник периодическое издание.,2020. 6.,-,-,-,-,-
18,"Болобошко К. Б., Ходьков Е. К., Кубраков К. М. и др. Эффективность комплексного подхода к периоперационному обеспечению эндопротезирования коленного сустав // Новости хирургии. – 2020. – № 1. – С. 53–61. doi: 10.18484/2305-0047.2020.1.53.",и др. // – – № – С. 53–61. doi: 10.18484/2305-0047.2020.1.53.,"Болобошко К. Б., Ходьков Е. К., Кубраков К. М.",Эффективность комплексного подхода к периоперационному обеспечению эндопротезирования коленного сустав,Новости хирургии.,2020. 1.,-,-,-,-,-
19,"Большедворская О. А., Протасов К. В., Батороев Ю. К. и др. Послеопе­рационные кардиальные ишемические осложнения у больных раком легкого // Acta biomedica scientifica. - 2019. - Т. 4, № 5. - С. 91-97. doi: 10.29413/ABS.2019-4.5.15.","и // - - Т. 4, № 5. - С. 91-97. doi: 10.29413/ABS.2019-4.5.15.","Большедворская О. А., Протасов К. В., Батороев Ю. К.",Послеопе­рационные кардиальные ишемические осложнения у больных раком легкого,др. Acta biomedica scientifica.,2019.,-,-,-,-,-
20,"Бондарев С. А., Терновой К. С., Ачкасов Е. Е. и др. Перспективы применения натриевой соли фосфокреатина в комплексной терапии при реабилитации пациентов, перенесших новую коронавирусную инфекцию // Профилактическая медицина. – 2020. – Т. 23, № 6. – С. 110–116. doi: 10.17116/profmed202023062110.","и др. // – – Т. 23, № – С. 110–116. doi: 10.17116/profmed202023062110.","Бондарев С. А., Терновой К. С., Ачкасов Е. Е.","Перспективы применения натриевой соли фосфокреатина в комплексной терапии при реабилитации пациентов, перенесших новую коронавирусную инфекцию",Профилактическая медицина.,2020. 6.,-,-,-,-,-
21,"Борзилова Ю. А., Болдырева Л. А., Шлык И. В. Васкулоэндотелиальные факторы роста (VEGF): роль и место в патологических процессах // Вестник офтальмологии. - 2016. - Т. 132, № 4. - С. 98-103. https://doi. org/10.17116/oftalma2016132498-103.","// - - Т. 132, № 4. - С. 98-103. https://doi. org/10.17116/oftalma2016132498-103.","Борзилова Ю. А., Болдырева Л. А., Шлык И. В.",Васкулоэндотелиальные факторы роста (VEGF): роль и место в патологических процессах,Вестник офтальмологии.,2016.,-,-,-,-,-
22,"Борисенко Д. В., Ивкин А. А., Шукевич Д. Л. Современные методы ограничения системного воспалительного ответа при коррекции врожденных пороков сердца у детей в условиях искусственного кровообращения // Комплексные проблемы сердечно-сосудистых заболеваний. – 2021. – Т. 10, № 2. – С. 113–124. doi.org/10.17802/2306-1278-2021-10-2-113-124.","// заболеваний. – – Т. 10, № – С. 113–124. doi.org/10.17802/2306-1278-2021-10-2-113-124.","Борисенко Д. В., Ивкин А. А., Шукевич Д. Л.",Современные методы ограничения системного воспалительного ответа при коррекции врожденных пороков сердца у детей в условиях искусственного кровообращения проблемы сердечно-сосудистых,Комплексные,2021. 2.,-,-,-,-,-
23,"Брыгин П. А., Журавель С. В., Троицкий Д. А. и др. Предикторы эффективности применения экстракорпоральной мембранной оксигенации при острой дыхательной недостаточности // Трансплантология. – 2020. – Т. 12, № 3. – С. 220–230. doi: 10.23873/2074-0506-2020-12-3-220-230.","и др. // – – Т. 12, № – С. 220–230. doi: 10.23873/2074-0506-2020-12-3-220-230.","Брыгин П. А., Журавель С. В., Троицкий Д. А.",Предикторы эффективности применения экстракорпоральной мембранной оксигенации при острой дыхательной недостаточности,Трансплантология.,2020. 3.,-,-,-,-,-
24,"Бударова К. В., Шмаков А. Н., Сирота С. И. Сравнительная оценка информативности шкал полиорганной недостаточности у новорожденных с некротизирующим энтероколитом // Российский вестник детской хирургии, анестезиологии реаниматологии. – 2017. – Т. 7, № 3. – С. 81–85. doi: https://doi.org/10.30946/psaic338.","// – – Т. 7, № – С. 81–85. doi: https://doi.org/10.30946/psaic338.","Бударова К. В., Шмаков А. Н., Сирота С. И.","Сравнительная оценка информативности шкал полиорганной недостаточности у новорожденных с некротизирующим энтероколитом вестник детской хирургии, анестезиологии",Российский реаниматологии.,2017. 3.,-,-,-,-,-
25,"Булавко Я. Э., Успенский Ю. П., Александрович Ю. С. и др. Формирование метаболического синдрома в детском возрасте: теоретические и прикладные клинические аспекты // Педиатр. – 2019. – Т. 10, № 4. – С. 67–78. https://doi.org/10.17816/PED10467-78.","и др. // – – Т. 10, № – С. 67–78. https://doi.org/10.17816/PED10467-78.","Булавко Я. Э., Успенский Ю. П., Александрович Ю. С.",Формирование метаболического синдрома в детском возрасте: теоретические и прикладные клинические аспекты,Педиатр.,2019. 4.,-,-,-,-,-
26,"Венцловайте Н. Д., Ефремова Н. А., Горячева Л. Г. и др. Трансплантация печени у детей: опыт последних десятилетий, актуальные проблемы и пути их решения // Детские инфекции. – 2020. – Т. 19, № 2. – C. 52–56. doi: 10.22627/2072-8107-2020-19-2-52-57.","и др. // – – Т. 19, № – C. 52–56. doi: 10.22627/2072-8107-2020-19-2-52-57.","Венцловайте Н. Д., Ефремова Н. А., Горячева Л. Г.","Трансплантация печени у детей: опыт последних десятилетий, актуальные проблемы и пути их решения",Детские инфекции.,2020. 2.,-,-,-,-,-
27,"Витковский Ю. А., Кузник Б. И., Солпов А. В. Патогенетическое значение лимфоцитарно-тромбоцитарной адгезии // Медицинская иммунология. – 2006. – Т. 8, № 5–6. – С. 745–753. https://doi.org/10.15789/1563-0625-2006-5-6-745-753.","// – – Т. 8, № – С. 745–753. https://doi.org/10.15789/1563-0625-2006-5-6-745-753.","Витковский Ю. А., Кузник Б. И., Солпов А. В.",Патогенетическое значение лимфоцитарно-тромбоцитарной адгезии,Медицинская иммунология.,2006. 5–6.,-,-,-,-,-
28,"Власенко А. В., Евдокимов Е. А., Родионов Е. П. Современные принципы коррекции гипоксии при ОРДС различного генеза. Часть 1 // Вестник анестезиологии и реаниматологии. – 2020. – Т. 17, № 3. – С. 61–78. https://doi.org/10.21292/2078-5658-2020-17-3-61-78.","генеза. // – – Т. 17, № – С. 61–78. https://doi.org/10.21292/2078-5658-2020-17-3-61-78.","Власенко А. В., Евдокимов Е. А., Родионов Е. П.",Современные принципы коррекции гипоксии при ОРДС Часть 1 анестезиологии и,различного Вестник реаниматологии.,2020. 3.,-,-,-,-,-
29,"Волчков В. А., Пушкин А. С., Рукавишникова С. А. и др. Критические значения лабораторных показателей в формировании исхода у пациентов с COVID-19 // Анестезиология и реаниматология. – 2021. – № 5. – С. 23-28. doi: 10.17116/anaesthesiology202105123.",и др. // – – № – С. 23-28. doi: 10.17116/anaesthesiology202105123.,"Волчков В. А., Пушкин А. С., Рукавишникова С. А.",Критические значения лабораторных показателей в формировании исхода у пациентов с COVID-19,Анестезиология и реаниматология.,2021. 5.,-,-,-,-,-
30,"Галстян Г. М., Клебанова Е. Е. Диагностика тромботической тромбоцитопенической пурпуры // Терапевтический архив. - 2020. - Т. 92, № 12. - С. 207-217. doi: 10.26442/00403660.2020.12.200508.","// - - Т. 92, № 12. - С. 207-217. doi: 10.26442/00403660.2020.12.200508.","Галстян Г. М., Клебанова Е. Е.",Диагностика тромботической тромбоцитопенической пурпуры,Терапевтический архив.,2020.,-,-,-,-,-
31,"Гельцер Б. И., Сергеев Е. А., Котельников В. Н. и др. Волемический статус легких и транспорт кислорода у больных ишемической болезнью сердца с различными вариантами коморбидности до и после коронарного шунтирования // Российский кардиологический журнал. – 2021. – Т. 26, № 2. – С. 3976. doi.org/10.15829/1560-4071-2021-3976.","и др. // – – Т. 26, № – С. 3976. doi.org/10.15829/1560-4071-2021-3976.","Гельцер Б. И., Сергеев Е. А., Котельников В. Н.",Волемический статус легких и транспорт кислорода у больных ишемической болезнью сердца с различными вариантами коморбидности до и после коронарного шунтирования,Российский кардиологический журнал.,2021. 2.,-,-,-,-,-
32,"Гендель Л. Л., Соколов А. А., Губанова С. Н. и др. Первый клинический опыт применения колонок для ЛПС-адсорбции «Токсипак» для лечения больных с сепсисом // Вестник анестезиологии и реаниматологии. – 2017. – Т. 14, № 5. – С. 42–50. https://doi.org/10.21292/2078-5658-2017-14-5-42-50.","и др. // – – Т. 14, № – С. 42–50. https://doi.org/10.21292/2078-5658-2017-14-5-42-50.","Гендель Л. Л., Соколов А. А., Губанова С. Н.",Первый клинический опыт применения колонок для ЛПС-адсорбции «Токсипак» для лечения больных с сепсисом анестезиологии и,Вестник реаниматологии.,2017. 5.,-,-,-,-,-
33,"Голубев А. М., Кузовлев А. Н., Антонова В. В. и др. Молекулярные биомаркеры прогнозирования неврологического исхода после внезапной остановки кровообращения (обзор) // Общая реаниматология. – 2018. – Т. 14, № 3. – C. 68–81. https://doi.org/10.15360/1813-9779-2018-3-68-81.","и др. – – Т. 14, № – C. 68–81. https://doi.org/10.15360/1813-9779-2018-3-68-81.","Голубев А. М., Кузовлев А. Н., Антонова В. В.",Молекулярные биомаркеры прогнозирования неврологического исхода после внезапной остановки кровообращения (обзор) //,Общая реаниматология.,2018. 3.,-,-,-,-,-
34,"Голухова Е. З., Сливнева И. В., Рыбка М. М. и др. Систолическая дисфункция правого желудочка как предиктор неблагоприятного исхода у пациентов с COVID-19 // Кардиология. – 2020. – Т. 60, № 11. – С. 16–29. https://doi.org/10.18087/cardio.2020.11.n1303.","и др. // – – Т. 60, № – С. 16–29. https://doi.org/10.18087/cardio.2020.11.n1303.","Голухова Е. З., Сливнева И. В., Рыбка М. М.",Систолическая дисфункция правого желудочка как предиктор неблагоприятного исхода у пациентов с COVID-19,Кардиология.,2020. 11.,-,-,-,-,-
35,"Гребенчиков О. А., Молчанов И. В., Шпичко А. И. и др. Нейропротективные свойства ксенона по данным экспериментальных исследований // Журнал им. Н. В. Склифосовского Неотложная медицинская помощь. – 2020. – № 9 (1). – С. 85–95. doi.org/10.23934/2223-9022-2020-9-1-85-95.",и др. // – – № 9 (1). – С. 85–95. doi.org/10.23934/2223-9022-2020-9-1-85-95.,"Гребенчиков О. А., Молчанов И. В., Шпичко А. И. им. В.",Нейропротективные свойства ксенона по данным экспериментальных исследований Склифосовского Неотложная,Журнал Н. медицинская помощь.,2020.,-,-,-,-,-
36,"Григорьев Е. В., Шукевич Д. Л., Плотников Г. П. и др. Неудачи интенсивного лечения полиорганной недостаточности: патофизиология и потребность в персонификации (обзор литературы) // Вестник интенсивной терапии им. А. И. Салтанова. – 2019. – № 2. – C. 48–57. doi: 10.21320/1818-474X-2019-2-48-57.",и др. Салтанова. – – № – C. 48–57. doi: 10.21320/1818-474X-2019-2-48-57.,"Григорьев Е. В., Шукевич Д. Л., Плотников Г. П.",Неудачи интенсивного лечения полиорганной недостаточности: патофизиология и потребность в персонификации (обзор литературы) // интенсивной терапии им.,Вестник А. И.,2019. 2.,-,-,-,-,-
37,"Гриценко Т. А., Косякова Ю. А., Давыдкин И. Л., Данилова О. Е., Кривова С. П., Кузьмина Т. П., Кудлай Д. А., Куртов И. В., Наумова К. В., Осадчук А. М., Рогозина Л. А., Степанова Т. Ю., Федорова О. И., Хайретдинов Р. К. Болезни крови в амбулаторной практике; под ред. И.Л. Давыдкина. Москва: ГЭОТАР-Медиа, 2020. – 272 с. DOI:10/33029/9704-5916-4-НЕМ-2020-1-272.","Давыдкина. Москва: ГЭОТАР-Медиа, 2020. – 272 с. DOI:10/33029/9704-5916-4-НЕМ-2020-1-272.","Гриценко Т. А., Косякова Ю. А., Давыдкин И. Л., Данилова О. Е., Кривова С. П., Кузьмина Т. П., Кудлай Д. А., Куртов И. В., Наумова К. В., Осадчук А. М., Рогозина Л. А., Степанова Т. Ю., Федорова О. И., Хайретдинов Р. К.",Болезни крови в амбулаторной практике; ред.,под И.Л.,-,-,-,-,-,-
38,"Гудима Г. О., Хаитов Р. М., Кудлай Д. А., Хаитов М. Р Молекулярно-иммунологические аспекты диагностики, профилактики и лечения коронавирусной инфекции // Иммунология. - 2021. - Т. 42, № 3. - Р. 198210. DOI: https://doi.org/10.33029/0206-4952-2021-42-3-198-210.","// - - Т. 42, № 3. - Р. 198210. DOI: https://doi.org/10.33029/0206-4952-2021-42-3-198-210.","Гудима Г. О., Хаитов Р. М., Кудлай Д. А., Хаитов М.","Р Молекулярно-иммунологические аспекты диагностики, профилактики и лечения коронавирусной инфекции",Иммунология.,2021.,-,-,-,-,-
39,"Гурская В. И., Дрягина Н. В., Иванов В. П. и др. Влияние общей анестезии на системный воспалительный ответ и нейрональное повреждение у детей с краниосиностозом в периоперационном периоде // Анестезиология и реаниматология. – 2021. – № 1. – С. 39–45. doi: 10.17116/anaesthesiology202101139.",и др. // – – № – С. 39–45. doi: 10.17116/anaesthesiology202101139.,"Гурская В. И., Дрягина Н. В., Иванов В. П.",Влияние общей анестезии на системный воспалительный ответ и нейрональное повреждение у детей с краниосиностозом в периоперационном периоде,Анестезиология и реаниматология.,2021. 1.,-,-,-,-,-
40,"Дамулин И. В., Струценко А. А., Огурцов П. П. и др. Панкреатическая энцефалопатия: клинико-патогенетические и диагностические аспекты // Вестник Клуба панкреатологов. – 2017. – Т. 37, № 4. – С. 33–39. doi.org/10.33149/vkp.2017.04.05.","и др. // – – Т. 37, № – С. doi.org/10.33149/vkp.2017.04.05.","Дамулин И. В., Струценко А. А., Огурцов П. П.",Панкреатическая энцефалопатия: клинико-патогенетические и диагностические аспекты,Вестник Клуба панкреатологов. 33–39.,2017. 4.,-,-,-,-,-
41,"Девдариани Н. В., Рубцова Е. В. Медицинский термин сквозь призму веков // Балтийский гуманитарный журнал. – 2020. – Т. 9. – № 4 (33). – С. 318–319. DOI: 10.26140/bgz3-2020-0904-0081.",// – – Т. 9. – № 4 (33). – С. 318–319. DOI: 10.26140/bgz3-2020-0904-0081.,"Девдариани Н. В., Рубцова Е. В.",Медицинский термин сквозь призму веков,Балтийский гуманитарный журнал.,2020.,-,-,-,-,-
42,"Джоаннидис М. , Драмл В. , Форни Л.Г. и соавт. Профилактика острого повреждения почек и защита почечной функции в отделении интенсивной терапии: обновление 201 7 // Intens. Уход Мед. - 2017. - Вып. 43 . - Р. 730 -749 , DOI 10,100 7 / с 0013 4-0 1 7-4 83 2-й .",и соавт. // - - Вып. 43 . - Р. 730 -749 2-й .,"Джоаннидис М. , Драмл В. , Форни Л.Г. Уход","Профилактика острого повреждения почек и защита почечной функции в отделении интенсивной терапии: обновление 201 7 , DOI 10,100 7 / с 0013 4-0 1 7-4 83",Intens. Мед.,2017.,-,-,-,-,-
43,"Емельянова Э. А., Асекритова А. С., Моякунов Д. А. Метгемоглобинемия, индуцированная Альмагелем А // Современные проблемы науки и образования. – 2021. – № 6. – doi: 10.17513/spno.31340.",// – – № – doi: 10.17513/spno.31340.,"Емельянова Э. А., Асекритова А. С., Моякунов Д. А. Метгемоглобинемия,",индуцированная Альмагелем А проблемы науки и,Современные образования.,2021. 6.,-,-,-,-,-
44,"Жирова Т. А., Комкин В. А., Давыдова Н. С. Выбор метода анестезии при эндопротезировании тазобедренного и коленного суставов у пациентов с хроническим болевым синдромом и психоэмоциональными расстройствами // Анестезиология и реаниматология. – 2017. – № 2. – С. 139–142. doi: http://dx.doi.org/10.18821/0201-7563-2017-62-2-139-142 https://cyberleninka.ru/article/n/vybor-metoda-anestezii-pri-endoprotezirovanii-tazobedrennogo-i-kolennogo-sustavov-u-patsientov-s-hronicheskim-bolevym-sindromom-i",// – – № – С. 139–142. doi: http://dx.doi.org/10.18821/0201-7563-2017-62-2-139-142 https://cyberleninka.ru/article/n/vybor-metoda-anestezii-pri-endoprotezirovanii-tazobedrennogo-i-kolennogo-sustavov-u-patsientov-s-hronicheskim-bolevym-sindromom-i,"Жирова Т. А., Комкин В. А., Давыдова Н. С.",Выбор метода анестезии при эндопротезировании тазобедренного и коленного суставов у пациентов с хроническим болевым синдромом и психоэмоциональными расстройствами,Анестезиология и реаниматология.,2017. 2.,-,-,-,-,-
45,"Жихарев В. А., Малышев Ю. П., Порханов В. А. Эффекты предоперационного введения концентрированной глюкозы при анестезиологическом обеспечении операций на легких // Вестник анестезиологии и реаниматологии. – 2016. – Т. 13, № 1. – С. 24–30. https://doi.org/10.21292/2078-5658-2016-13-1-24-30.","// – – Т. 13, № – С. 24–30. https://doi.org/10.21292/2078-5658-2016-13-1-24-30.","Жихарев В. А., Малышев Ю. П., Порханов В. А.",Эффекты предоперационного введения концентрированной глюкозы при анестезиологическом обеспечении операций на легких анестезиологии и,Вестник реаниматологии.,2016. 1.,-,-,-,-,-
46,"Заболотских И. Б., Трембач Н. В., Магомедов М. А. и др. Возможности пре­доперационной оценки риска неблагоприятного исхода абдоминальных операций: предварительные результаты многоцентрового исследования STOPRISK // Вестник интенсивной терапии им. А. И. Салтанова. - 2020. - № 4. - С. 12-27. doi: 10.21320/1818-474X-2020-4-12-27.",и др. // - - № 4. - С. 12-27. doi: 10.21320/1818-474X-2020-4-12-27.,"Заболотских И. Б., Трембач Н. В., Магомедов М. А.",Возможности пре­доперационной оценки риска неблагоприятного исхода абдоминальных операций: предварительные результаты многоцентрового исследования STOPRISK интенсивной терапии им.,Вестник А. И. Салтанова.,2020.,-,-,-,-,-
47,"Зайцев А. А., Оковитый С. В. Кашель: дифференциальный диагноз и рациональная фармакотерапия // Терапевтический архив. – 2014. – Т. 86, № 12. – С. 85–91. doi: 10.17116/terarkh2014861285-91.","В. // – – Т. 86, № – С. 85–91. doi: 10.17116/terarkh2014861285-91.","Зайцев А. А., Оковитый С.",Кашель: дифференциальный диагноз и рациональная фармакотерапия,Терапевтический архив.,2014. 12.,-,-,-,-,-
48,"Затевахин И. И., Пасечник И. Н., Губайдуллин P. P. и др. Ускоренное восстановление после хирургических операций: мультидисциплинарная проблема. Часть 1 // Хирургия. Журнал им. Н. И. Пирогова. – 2015. – № 90. – С. 4–8. doi: 10.17116/hirurgia201594-8.",и др. проблема. // Пирогова. – – № – С. 4–8. doi: 10.17116/hirurgia201594-8.,"Затевахин И. И., Пасечник И. Н., Губайдуллин P. P. Журнал им.",Ускоренное восстановление после хирургических операций: Часть 1,мультидисциплинарная Хирургия. Н. И.,2015. 90.,-,-,-,-,-
49,"Затевахин И. И., Пасечник И. Н., Губайдуллин Р. Р. и др. Ускоренное восстановление после хирургических операций: мультидисциплинарная проблема. Часть 2 // Хирургия. Журнал им. Н.И. Пирогова. – 2015. – № 10. – С. 4–8. doi: 10.17116/hirurgia2015104-8.",и др. проблема. // Пирогова. – – № – С. 4–8. doi: 10.17116/hirurgia2015104-8.,"Затевахин И. И., Пасечник И. Н., Губайдуллин Р. Р. Журнал им.",Ускоренное восстановление после хирургических операций: Часть 2,мультидисциплинарная Хирургия. Н.И.,2015. 10.,-,-,-,-,-
50,"Захаренков И. А., Рачина С. А., Дехнич Н. Н. Этиология тяжелой внебольничной пневмонии у взрослых: результаты первого российского многоцентрового исследования // Терапевтический архив. – 2020. – Т. 1. – С. 36–42. doi:10.26442/00403660.2020.01.000491.",// – – Т. 1. – С. doi:10.26442/00403660.2020.01.000491.,"Захаренков И. А., Рачина С. А., Дехнич Н. Н.",Этиология тяжелой внебольничной пневмонии у взрослых: результаты первого российского многоцентрового исследования,Терапевтический архив. 36–42.,2020.,-,-,-,-,-
51,"Захарова И. Н., Курьянинова В. А., Верисокина Н. Е. и др. Витамин D и провоспалительные цитокины у новорожденных от матерей с эндокринной патологией // Тихоокеанский медицинский журнал. – 2019. – № 4. – С. 66–69. doi: 10.34215/1609-1175-2019-4-66-69.",и др. // – – № – С. 66–69. doi: 10.34215/1609-1175-2019-4-66-69.,"Захарова И. Н., Курьянинова В. А., Верисокина Н. Е.",Витамин D и провоспалительные цитокины у новорожденных от матерей с эндокринной патологией,Тихоокеанский медицинский журнал.,2019. 4.,-,-,-,-,-
52,"Золотухин К. Н., Крюгер Ф., Самородов А. В. Низкий уровень антитромбина III как предиктор развития тромботических осложнений у пациентов хирургического профиля // Креативная хирургия и онкология. – 2018. – Т. 8, № 1. – С. 52–56. https://doi.org/10.24060/2076-3093-2018-8-1-52-56.","// – – Т. 8, № – С. 52–56. https://doi.org/10.24060/2076-3093-2018-8-1-52-56.","Золотухин К. Н., Крюгер Ф., Самородов А. В.",Низкий уровень антитромбина III как предиктор развития тромботических осложнений у пациентов хирургического профиля хирургия и,Креативная онкология.,2018. 1.,-,-,-,-,-
53,"Ивкин А. А., Борисенко Д. В., Цепокина А. В. и др. Отказ от эритроцитарной массы для заполнения аппарата искусственного кровообращения как основа периоперационной профилактики церебрального повреждения у детей при кардиохирургических операциях // Анестезиология и реаниматология. – 2021. – № 4. – С. 54–61. Doi: 10.17116/anaesthesiology202104154.",и др. // – – № – С. 54–61. Doi: 10.17116/anaesthesiology202104154.,"Ивкин А. А., Борисенко Д. В., Цепокина А. В.",Отказ от эритроцитарной массы для заполнения аппарата искусственного кровообращения как основа периоперационной профилактики церебрального повреждения у детей при кардиохирургических операциях,Анестезиология и реаниматология.,2021. 4.,-,-,-,-,-
54,"Ивкин А. А., Григорьев Е. В., Цепокина А. В. и др. Послеоперационный делирий у детей при коррекции врожденных септальных пороков сердца // Вестник анестезиологии и реаниматологии. – 2021. – Т. 18, № 2. – С. 62–68. Doi: 10.21292/2078-5658-2021-18-2-62-6.","и др. // – – Т. 18, № – С. 62–68. Doi: 10.21292/2078-5658-2021-18-2-62-6.","Ивкин А. А., Григорьев Е. В., Цепокина А. В.",Послеоперационный делирий у детей при коррекции врожденных септальных пороков сердца анестезиологии и,Вестник реаниматологии.,2021. 2.,-,-,-,-,-
55,"Ивонина Н. А., Петров К. Б., Филимонов С. Н. Клинический опыт применения препарата Целлекс у пациентов с вестибулярным синдромом // Медицина в Кузбассе. – 2021. – № 4. – С. 26–31. doi.: 10.24412/2687-0053-2021-4- 26-31.",// – – № – С. doi.: 10.24412/2687-0053-2021-4- 26-31.,"Ивонина Н. А., Петров К. Б., Филимонов С. Н.",Клинический опыт применения препарата Целлекс у пациентов с вестибулярным синдромом,Медицина в Кузбассе. 26–31.,2021. 4.,-,-,-,-,-
56,"Ильина Я. Ю., Кузьков В. В., Фот Е. В. и др. Прогнозирование ответа на инфузионную нагрузку: современные подходы и перспективы // Вестн. анестезиологии и реаниматологии. – 2017. – Т. 14, № 3. – С. 25–34. DOI: 10.21292/2078-5658-2017-14-3-25-34","и др. // – – Т. 14, № – С. 25–34. DOI: 10.21292/2078-5658-2017-14-3-25-34","Ильина Я. Ю., Кузьков В. В., Фот Е. В.",Прогнозирование ответа на инфузионную нагрузку: современные подходы и перспективы анестезиологии и,Вестн. реаниматологии.,2017. 3.,-,-,-,-,-
57,"Канарский М. М., Штерн М. В., Воробьева И. С. и др. Циркадианные ритмы и хроническое нарушение сознания // Физическая и реабилитационная медицина, медицинская реабилитация. – 2021 – Т. 3, № 4. – С. 340–347. doi: doi.org/10.36425/rehab63225.","и др. // – – Т. 3, № – С. 340–347. doi: doi.org/10.36425/rehab63225.","Канарский М. М., Штерн М. В., Воробьева И. С.","Циркадианные ритмы и хроническое нарушение сознания и реабилитационная медицина, медицинская",Физическая реабилитация.,2021 4.,-,-,-,-,-
58,"Канарский М. М., Штерн М. В., Воробьева И. С. и др. Циркадианные ритмы и хроническое нарушение сознания // Физическая и реабилитационная медицина, медицинская реабилитация. – 2021 – Т. 3, № 4. – С. 340–347. doi: doi.org/10.36425/rehab63225.","и др. // – – Т. 3, № – С. 340–347. doi: doi.org/10.36425/rehab63225.","Канарский М. М., Штерн М. В., Воробьева И. С.","Циркадианные ритмы и хроническое нарушение сознания и реабилитационная медицина, медицинская",Физическая реабилитация.,2021 4.,-,-,-,-,-
59,"Карпов О. Э., Орлова О. А., Гусаров В. Г. и др. Организация оказания медицинской помощи в федеральном многопрофильном медицинском учреждении в условиях пандемии // Вестник Росздравнадзора. – 2020. – № 4. – С. 67–75. doi: https://doi.org/10.35576/2070-7940-2020-4-67-75.",и др. // – – № – С. 67–75. doi: https://doi.org/10.35576/2070-7940-2020-4-67-75.,"Карпов О. Э., Орлова О. А., Гусаров В. Г.",Организация оказания медицинской помощи в федеральном многопрофильном медицинском учреждении в условиях пандемии,Вестник Росздравнадзора.,2020. 4.,-,-,-,-,-
60,"Карпов О.Э., Гусаров В.Г., Замятин М.Н., Орлова О.А., Петрова Л.В., Камышова Д.А., Дементиенко М.В., Габоян Я.С., Пивкина А.И., Гриценко Е.А. Управление антибиотикорезистентностью в стационаре: современные реалии и перспективы // Клиническая микробиология и антимикробная химиотерапия. – 2020. – Т. 22. – № 4. – С. 277–286. DOI: 10.36488/cmac.2020.4.277-286.",// – – Т. 22. – № – С. 277–286. DOI: 10.36488/cmac.2020.4.277-286.,"Карпов О.Э., Гусаров В.Г., Замятин М.Н., Орлова О.А., Петрова Л.В., Камышова Д.А., Дементиенко М.В., Габоян Я.С., Пивкина А.И., Гриценко Е.А.",Управление антибиотикорезистентностью в стационаре: современные реалии и перспективы микробиология и антимикробная,Клиническая химиотерапия.,2020. 4.,-,-,-,-,-
61,"Кириллов А. Ю., Яворовский А. Г., Выжигина М. А. и др. Респираторная тактика во время искусственного кровообращения при кардиохирургических операциях // Вестник анестезиологии и реаниматологии. – 2021. – Т. 18, № 2. – С. 40–47. doi.org/10.21292/2078-5658-2021-18-2-40-47.","и др. // – – Т. 18, № – С. 40–47. doi.org/10.21292/2078-5658-2021-18-2-40-47.","Кириллов А. Ю., Яворовский А. Г., Выжигина М. А.",Респираторная тактика во время искусственного кровообращения при кардиохирургических операциях анестезиологии и,Вестник реаниматологии.,2021. 2.,-,-,-,-,-
62,"Киров М. Ю., Горобец Е. С., Бобовник С. В. и др. Принципы периоперационной инфузионной терапии взрослых пациентов // Анестезиология и реаниматология. – 2018. – Т. 63, № 6. – С. 82–103. https://doi.org/10.17116/anaesthesiology201806182.","и др. // – – Т. 63, № – С. 82–103. https://doi.org/10.17116/anaesthesiology201806182.","Киров М. Ю., Горобец Е. С., Бобовник С. В.",Принципы периоперационной инфузионной терапии взрослых пациентов,Анестезиология и реаниматология.,2018. 6.,-,-,-,-,-
63,"Клиническая фармакология для педиатров : учебник / под ред. Е. В. Ших, В. Н. Дроздова – М.: «ГЭОТАР-Медиа», 2021. – 1008 с. Doi: 10.33029/9704-6196-9-CPP-2021-1-1008.","Ших, В. М.: 2021. – 1008 с. Doi: 10.33029/9704-6196-9-CPP-2021-1-1008.","Клиническая В. Н. «ГЭОТАР-Медиа»,",фармакология для педиатров : учебник / ред. Дроздова,под Е. –,-,-,-,-,-,-
64,"Ковальчук В. В., Зуева И. Б., Нестерин К.В. и др. Применение препарата цитофлавин в неонатологии и педиатрии как фактор повышения эффективности терапии пациентов с поражением центральной нервной системы различной этиологии // Журнал неврологии и психиатрии им. С. С. Корсакова. Спецвыпуски. – 2018. – Т. 118, № 5. – С. 46–50. Doi: 10.17116/jnevro20181185246","и др. // Спецвыпуски. – – Т. 118, № – С. 46–50. Doi: 10.17116/jnevro20181185246","Ковальчук В. В., Зуева И. Б., Нестерин К.В.",Применение препарата цитофлавин в неонатологии и педиатрии как фактор повышения эффективности терапии пациентов с поражением центральной нервной системы различной этиологии неврологии и психиатрии им.,Журнал С. С. Корсакова.,2018. 5.,-,-,-,-,-
65,Козлов И. А. Периоперационная кардиопротекция в некардиальной хирургии: реалии и перспективы // Анестезиология и реаниматология. – 2020. – № 4. – С. 100-110. doi: 10.17116/anaesthesiology2020041100.,// – – № – С. 100-110. doi: 10.17116/anaesthesiology2020041100.,Козлов И. А.,Периоперационная кардиопротекция в некардиальной хирургии: реалии и перспективы,Анестезиология и реаниматология.,2020. 4.,-,-,-,-,-
66,"Козлов И. А., Овезов А. М., Петровская Э. Л. Периоперационные повреждение миокарда и сердечная недостаточность в некардиальной хирургии (обзор). Часть 1. Этиопатогенез и прогнозирование периоперационных кардиальных осложнений // Общая реаниматология. - 2019. - Т. 15, № 2. - С. 53-78. https://doi.org/10.15360/1813-9779-2019-2-53-78.","(обзор). // - - Т. 15, № 2. - С. 53-78. https://doi.org/10.15360/1813-9779-2019-2-53-78.","Козлов И. А., Овезов А. М., Петровская Э. Л. Часть 1.",Периоперационные повреждение миокарда и сердечная недостаточность в некардиальной хирургии Этиопатогенез и прогнозирование периоперационных кардиальных осложнений,Общая реаниматология.,2019.,-,-,-,-,-
67,"Козлов И. А., Тюрин И. Н. Сердечно-сосудистые осложнения COVID-19 // Вестник анестезиологии и реаниматологии. – 2020. – Т. 17, № 4. – С. 14-22. https://doi.org/10.21292/2078-5658-2020-17-4-14-22.","// – – Т. 17, № – С. 14-22. https://doi.org/10.21292/2078-5658-2020-17-4-14-22.","Козлов И. А., Тюрин И. Н.",Сердечно-сосудистые осложнения COVID-19 анестезиологии и,Вестник реаниматологии.,2020. 4.,-,-,-,-,-
68,"Козлова Н. С., Баранцевич Н. Е., Баранцевич Е. П. Чувствительность к антибиотикам штаммов Klebsiella pneumoniae, выделенных в многопрофильном стационаре // Инфекция и иммунитет. – 2018. – Т. 8, № 1. doi: 10.15789/2220-7619-2018-1-79-84.","// – – Т. 8, № doi: 10.15789/2220-7619-2018-1-79-84.","Козлова Н. С., Баранцевич Н. Е., Баранцевич Е. П.","Чувствительность к антибиотикам штаммов Klebsiella pneumoniae, выделенных в многопрофильном стационаре",Инфекция и иммунитет.,2018. 1.,-,-,-,-,-
69,"Колеватова Л. А., Корниенко А. Н., Кецкало М. В. Влияние высокой эпидуральной блокады на функцию миокарда левого желудочка после аортокоронарного шунтирования // Общая реаниматология. – 2006. Т. 2 (1). – С. 54–58. DOI: 10.15360/1813-9779-2006-1-54-58.",// – 2006. Т. 2 (1). – С. 54–58. DOI: 10.15360/1813-9779-2006-1-54-58.,"Колеватова Л. А., Корниенко А. Н., Кецкало М. В.",Влияние высокой эпидуральной блокады на функцию миокарда левого желудочка после аортокоронарного шунтирования,Общая реаниматология.,-,-,-,-,-,-
70,"Комаров С. А., Киров М. Ю. Оценка взаимосвязи биомаркера NT-proBNP с показателями гемодинамики и внесосудистой воды легких у пациентов с острым респираторным дистресс-синдромом // Вестник анестезиологии и реаниматологии. – 2015. – Т. 12, № 5. – С. 31–35. https://doi.org/10.21292/2078-5658-2015-12-5-31-35.","// – – Т. 12, № – С. 31–35. https://doi.org/10.21292/2078-5658-2015-12-5-31-35.","Комаров С. А., Киров М. Ю.",Оценка взаимосвязи биомаркера NT-proBNP с показателями гемодинамики и внесосудистой воды легких у пациентов с острым респираторным дистресс-синдромом анестезиологии и,Вестник реаниматологии.,2015. 5.,-,-,-,-,-
71,"Конева Е. С., Серебряков А. Б., Шаповаленко Т. В. и др. Анализ 5-летнего опыта работы мультидисциплинарной бригады по протоколу fast-track-терапии после операций тотального эндопротезирования тазобедренных и коленных суставов в клинике ФГАУ «Лечебно-реабилитационный центр» Минздрава России // Физиотерапия, бальнеология и реабилитация. – 2016. – № 4. – С. 175–182. doi: 10.18821/1681-3456-2016-15-4-175-182.",и др. – – № – С. 175–182. doi: 10.18821/1681-3456-2016-15-4-175-182.,"Конева Е. С., Серебряков А. Б., Шаповаленко Т. В.",Анализ 5-летнего опыта работы мультидисциплинарной бригады по протоколу fast-track-терапии после операций тотального эндопротезирования тазобедренных и коленных суставов в клинике ФГАУ «Лечебно-реабилитационный центр» Минздрава России // бальнеология и,"Физиотерапия, реабилитация.",2016. 4.,-,-,-,-,-
72,"Корехова М. В., Киров М. Ю., Новикова И. А. и др. Эмоциональное состояние врачей – анестезиологов-реаниматологов в период пандемии COVID-19 // Анестезиология и реаниматология. – 2020. – № 6, вып. 2. – С. 61–67. https://doi.org/10.17116/anaesthesiology202006261.","и др. // – – № 6, вып. 2. – С. 61–67. https://doi.org/10.17116/anaesthesiology202006261.","Корехова М. В., Киров М. Ю., Новикова И. А.",Эмоциональное состояние врачей – анестезиологов-реаниматологов в период пандемии COVID-19,Анестезиология и реаниматология.,2020.,-,-,-,-,-
73,"Корехова М. В., Соловьев А. Г., Киров М. Ю. и др. Психологические факторы профессионального выгорания врачей анестезиологов-реаниматологов // Клиническая и специальная психология. – 2019. – Т. 8, № 2. – С. 16–37. https://doi.org/: 10.17759/psyclin.2019080202.","и др. // – – Т. 8, № – С. 16–37. https://doi.org/: 10.17759/psyclin.2019080202.","Корехова М. В., Соловьев А. Г., Киров М. Ю.",Психологические факторы профессионального выгорания врачей анестезиологов-реаниматологов и специальная,Клиническая психология.,2019. 2.,-,-,-,-,-
74,"Корниенко А. Н., Добрушина О. Р., Зинина Е. П. Профилактика кардиальных осложнений внесердечных операций // Общая реаниматология. – 2011. – Т. 7, № 5. – С. 57–66. https://doi.org/10/15360/18139779-2011-5-57.","// – – Т. 7, № – С. 57–66. https://doi.org/10/15360/18139779-2011-5-57.","Корниенко А. Н., Добрушина О. Р., Зинина Е. П.",Профилактика кардиальных осложнений внесердечных операций,Общая реаниматология.,2011. 5.,-,-,-,-,-
75,"Корниенко Е. А., Корниенко А. Н. Динамика сократительной способности миокарда у больных с нестабильной стенокардией на фоне симпатической блокады // Вестник новых медицинских технологий. – 2016. – T. 2. C. 173–178. DOI: 10.12737/19739.",// – – T. 173–178. DOI: 10.12737/19739.,"Корниенко Е. А., Корниенко А. Н.",Динамика сократительной способности миокарда у больных с нестабильной стенокардией на фоне симпатической блокады новых медицинских,Вестник технологий. 2. C.,2016.,-,-,-,-,-
76,"Королев А. Ю., Федорова Т. А. Пырегов А. В и др. Трансфузиологическое обеспечение абдоминального родоразрешения у беременных высокого риска развития кровотечения при контроле гемостаза // Медицинский совет. – 2020. – № 13. – С. 29–38. doi: 10.21518/2079-701X-2020-13-29-38.",др. // – – № – С. 29–38. doi: 10.21518/2079-701X-2020-13-29-38.,"Королев А. Ю., Федорова Т. А. Пырегов А.",В Трансфузиологическое обеспечение абдоминального родоразрешения у беременных высокого риска развития кровотечения при контроле гемостаза,и Медицинский совет.,2020. 13.,-,-,-,-,-
77,"Котвицкая З. Т., Колотова Г. Б., Руднов В. А. и др. Интраоперационные факторы риска развития инфаркта миокарда при некардиохирургических вмешательствах // Вестник анестезиологии и реаниматологии. - 2018. - Т. 15, № 2. - С. 32-37. doi: 10.21292/2078-5658-2018-15-2-32-37.","и др. // - - Т. 15, № 2. - С. 32-37. doi: 10.21292/2078-5658-2018-15-2-32-37.","Котвицкая З. Т., Колотова Г. Б., Руднов В. А.",Интраоперационные факторы риска развития инфаркта миокарда при некардиохирургических вмешательствах анестезиологии и,Вестник реаниматологии.,2018.,-,-,-,-,-
78,"Котова Д. П., Котов С. В., Гиляров М. Ю. и др. Использование прогностических шкал в оценке периоперационных осложнений в практике врача-терапевта // Кардиоваскулярная терапия и профилактика. - 2018. - Т. 17, № 2. - С. 75-80. http://dx.doi.org/10.15829/17288800201827580.","и др. // - - Т. 17, № 2. - С. 75-80. http://dx.doi.org/10.15829/17288800201827580.","Котова Д. П., Котов С. В., Гиляров М. Ю.",Использование прогностических шкал в оценке периоперационных осложнений в практике врача-терапевта терапия и,Кардиоваскулярная профилактика.,2018.,-,-,-,-,-
79,Кочетова Е. В. Комплексная оценка больных хронической обструктивной болезнью легких с помощью многокомпонентного индекса Ado и индекса коморбидности Charlson // Медицинский совет. – 2018. – № 12. – С. 182–184. doi: 10.21518/2079-701X-2018-12-182-184.,// – – № – С. 182–184. doi: 10.21518/2079-701X-2018-12-182-184.,Кочетова Е. В.,Комплексная оценка больных хронической обструктивной болезнью легких с помощью многокомпонентного индекса Ado и индекса коморбидности Charlson,Медицинский совет.,2018. 12.,-,-,-,-,-
80,"Кочкин А. А., Каданцева К. К., Лихванцев В. В. Двухкомпонентная вазопрессорная терапия септического шока // Вестник анестезиологии и реаниматологии. – 2021. – Т. 18, № 1. – С. 57–64. doi: 10.21292/2078-5658-2021-18-1-57-64.","// – – Т. 18, № – С. 57–64. doi: 10.21292/2078-5658-2021-18-1-57-64.","Кочкин А. А., Каданцева К. К., Лихванцев В. В.",Двухкомпонентная вазопрессорная терапия септического шока анестезиологии и,Вестник реаниматологии.,2021. 1.,-,-,-,-,-
81,"Красавцева Ю. В., Киселева М. Г., Касян Г. Р. и др. Оценка психологического статуса врачей-урологов во время пандемии COVID-19 // Урология. – 2020. – № 3. – С. 5–9. https: //doi.org/10.18565/urology.2020.3.5-9.",и др. // – – № – С. 5–9. https: //doi.org/10.18565/urology.2020.3.5-9.,"Красавцева Ю. В., Киселева М. Г., Касян Г. Р.",Оценка психологического статуса врачей-урологов во время пандемии COVID-19,Урология.,2020. 3.,-,-,-,-,-
82,"Кудинова Г. А., Миронов П. И., Лекманов А. У. Прогностическая значимость шкал рSOFA и PELOD 2 в отношении риска летального исхода у пациентов неонатальных отделений интенсивной терапии // Российский вестник перинатологии и педиатрии. – 2020. – Т. 65, № 5. – С. 37–41. doi: 10.21508/1027-4065-2020-65-5-37-41.","// – – Т. 65, № – С. 37–41. doi: 10.21508/1027-4065-2020-65-5-37-41.","Кудинова Г. А., Миронов П. И., Лекманов А. У.",Прогностическая значимость шкал рSOFA и PELOD 2 в отношении риска летального исхода у пациентов неонатальных отделений интенсивной терапии вестник перинатологии и,Российский педиатрии.,2020. 5.,-,-,-,-,-
83,"Кузьмин В. В., Шадурский Н. Н. Односторонняя эпидуральная анальгезия после тотального эндопротезирования коленного сустава // Вестник анестезиологии и реаниматологии. – 2015. – Т. 12, № 4. – С. 20–25. https://doi.org/10.21292/2078-5658-2015-12-4-20-25.","// – – Т. 12, № – С. 20–25. https://doi.org/10.21292/2078-5658-2015-12-4-20-25.","Кузьмин В. В., Шадурский Н. Н.",Односторонняя эпидуральная анальгезия после тотального эндопротезирования коленного сустава анестезиологии и,Вестник реаниматологии.,2015. 4.,-,-,-,-,-
84,"Курганский А. В., Храпов К. Н. Подходы к послеоперационному обезболиванию при операциях тотального эндопротезирования коленного и тазобедренного суставов // Вестник анестезиологии и реаниматологии. – 2018. – Т. 15, № 4. – С. 76–85. doi: 10.21292/2078-5658-2018-15-4-76-85.","// – – Т. 15, № – С. 76–85. doi: 10.21292/2078-5658-2018-15-4-76-85.","Курганский А. В., Храпов К. Н.",Подходы к послеоперационному обезболиванию при операциях тотального эндопротезирования коленного и тазобедренного суставов анестезиологии и,Вестник реаниматологии.,2018. 4.,-,-,-,-,-
85,"Ладожская-Гапеенко Е. Е., Храпов К. Н., Полушин Ю. С. и др. Оценка состояния микроциркуляции у больных с тяжелым течением COVID-19 методом капилляроскопии ногтевого ложа // Вестник анестезиологии и реаниматологии. - 2021. - Т. 18, № 1. - С. 27-36. https://doi.org/10.21292/2078-5658-2021-18-1-27-36.","и др. // - - Т. 18, № 1. - С. 27-36. https://doi.org/10.21292/2078-5658-2021-18-1-27-36.","Ладожская-Гапеенко Е. Е., Храпов К. Н., Полушин Ю. С.",Оценка состояния микроциркуляции у больных с тяжелым течением COVID-19 методом капилляроскопии ногтевого ложа анестезиологии и,Вестник реаниматологии.,2021.,-,-,-,-,-
86,"Леви Н. , Grocott П. В., Карли Ф. Оптимизация пациента до операции: четкий и настоящее вызов в расчете я-о императивны ухода // анестезиологии. - 2019. - Вып. 74 (Приложение 1). - Р. 3 –6 . doi: 10.111 1 / a nae.14502.",// - - Вып. 74 (Приложение 1). - Р. 3 –6 doi: 10.111 1 nae.14502.,"Леви Н. , Grocott П. В., Карли Ф.",Оптимизация пациента до операции: четкий и настоящее вызов в расчете я-о императивны ухода /,анестезиологии. a,2019. .,-,-,-,-,-
87,"Лещенко И. В. Возможности и ограничения применения ингаляционных глюкокортикостероидов в терапии хронической обструктивной болезни легких // Пульмонология. – 2018. – Т. 28, № 5. – С. 602–612. doi. org/10.18093/0869-0189-2018-28-5-602-612.","// – – Т. 28, № – С. doi. org/10.18093/0869-0189-2018-28-5-602-612.",Лещенко И. В.,Возможности и ограничения применения ингаляционных глюкокортикостероидов в терапии хронической обструктивной болезни легких,Пульмонология. 602–612.,2018. 5.,-,-,-,-,-
88,"Линхоева С. Б., Александрович Ю. С., Пшениснов К. В. и др. Выбор режима неинвазивной респираторной поддержки у недоношенных новорожденных в родильном зале // Анестезиология и реаниматология. – 2020. – № 2. – С. 65–71. https://doi.org/10.17116/anaesthesiology202002165.",и др. // – – № – С. 65–71. https://doi.org/10.17116/anaesthesiology202002165.,"Линхоева С. Б., Александрович Ю. С., Пшениснов К. В.",Выбор режима неинвазивной респираторной поддержки у недоношенных новорожденных в родильном зале,Анестезиология и реаниматология.,2020. 2.,-,-,-,-,-
89,"Лисиченко И. А., Гусаров В. Г., Теплых Б. А. и др. Оценка глубины угнетения сознания ксеноном по шкале Kugler у пациентов пожилого и старческого возраста при эндопротезировании коленного сустава: проспективное открытое когортное исследование // Вестник интенсивной терапии им. А. И. Салтанова. – 2022. – № 2. – С. 121–131. doi.org/10.21320/1818-474X-2022-2-121-131.",и др. // Салтанова. – – № – С. 121–131. doi.org/10.21320/1818-474X-2022-2-121-131.,"Лисиченко И. А., Гусаров В. Г., Теплых Б. А.",Оценка глубины угнетения сознания ксеноном по шкале Kugler у пациентов пожилого и старческого возраста при эндопротезировании коленного сустава: проспективное открытое когортное исследование интенсивной терапии им.,Вестник А. И.,2022. 2.,-,-,-,-,-
90,"Лодягин А. Н., Батоцыренов Б. В., Шикалова И. А. и др. Ацидоз и токсический гемолиз - цели патогенетического лечения полиорганной патологии при COVID-19 // Вестник восстановительной медицины. - 2020. - Т. 97, № 3. - С. 25-30. https://doi.org/10.38025/ 2078-1962-2020-97-3-25-3.","и др. // - - Т. 97, № 3. - С. 25-30. https://doi.org/10.38025/ 2078-1962-2020-97-3-25-3.","Лодягин А. Н., Батоцыренов Б. В., Шикалова И. А.",Ацидоз и токсический гемолиз - цели патогенетического лечения полиорганной патологии при COVID-19,Вестник восстановительной медицины.,2020.,-,-,-,-,-
91,"Луньков В. Д., Маевская М. В., Цветаева Е. К. и др. Отношение нейтрофилов к лимфоцитам как предиктор неблагоприятного исхода у пациентов с декомпенсированным циррозом печени // Российский журнал гастроэнтерологии, гепатологии, колопроктологии. – 2019. – Т. 29, № 1. – С. 47–61. https://doi.org/10.22416/1382-4376-2019-29-1-47-61.","и др. // колопроктологии. – – Т. 29, № – С. 47–61. https://doi.org/10.22416/1382-4376-2019-29-1-47-61.","Луньков В. Д., Маевская М. В., Цветаева Е. К.","Отношение нейтрофилов к лимфоцитам как предиктор неблагоприятного исхода у пациентов с декомпенсированным циррозом печени журнал гастроэнтерологии,",Российский,"гепатологии, 2019. 1.",-,-,-,-,-
92,"Малярчиков А. В., Шаповалов К. Г. Уровень удовлетворенности трудовой деятельностью и степень эмоционального «выгорания» у анестезиологов-реаниматологов, работающих в красной зоне COVID-госпиталя // Вестник анестезиологии и реаниматологии. – 2021. – Т. 18, № 2. – С. 17–22. https: //doi.org/10.21292/2078-5658-2021-18-2-17-22.","// – – Т. 18, № – С. 17–22. https: //doi.org/10.21292/2078-5658-2021-18-2-17-22.","Малярчиков А. В., Шаповалов К. Г.","Уровень удовлетворенности трудовой деятельностью и степень эмоционального «выгорания» у анестезиологов-реаниматологов, работающих в красной зоне COVID-госпиталя анестезиологии и",Вестник реаниматологии.,2021. 2.,-,-,-,-,-
93,"Мареев В. Ю., Фомин И. В., Агеев Ф. Т. и др. Клинические рекомендации ОССН - РКО - РНМОТ. Сердечная недостаточность: хроническая (ХСН) и острая декомпенсированная (ОДСН). Диагностика, профи­лактика и лечение // Кардиология. - 2018. - 58 с. (С. 8-158). https://doi.org/10.18087/cardio.2475.","и др. РКО РНМОТ. (ОДСН). Диагностика, // - - 58 с. (С. 8-158). https://doi.org/10.18087/cardio.2475.","Мареев В. Ю., Фомин И. В., Агеев Ф. Т.",Клинические рекомендации ОССН - Сердечная недостаточность: хроническая (ХСН) и острая декомпенсированная профи­лактика и лечение,- Кардиология.,2018.,-,-,-,-,-
94,"Мартынов Л. А., Матинян Н. В., Казанцев А. П. и др. Применение бронхоблокаторов при торакальных операциях при детской онкологии // Российский журнал детской онкологии и гематологии. – 2020. – № 7 (1). – С. 22–30. doi: 10.21682/2311-1267-2020-7-1-22-30.",и др. // – – № 7 (1). – С. 22–30. doi: 10.21682/2311-1267-2020-7-1-22-30.,"Мартынов Л. А., Матинян Н. В., Казанцев А. П.",Применение бронхоблокаторов при торакальных операциях при детской онкологии журнал детской онкологии и,Российский гематологии.,2020.,-,-,-,-,-
95,"Международная классификация болезней, травм и состояний, влияющих на здоровье, 10-го пересмотра (МКБ-10) (Всемирная организация здравоохранения, 1994). Available at: https://mkb10.su/T41.3.html. http://dx.doi.org/10.21466/g.MOSLAT2.2010.",at: https://mkb10.su/T41.3.html. http://dx.doi.org/10.21466/g.MOSLAT2.2010.,Международная 1994).,"классификация болезней, травм и состояний, влияющих на здоровье, 10-го пересмотра (МКБ-10) (Всемирная организация здравоохранения, Available",-,-,-,-,-,-,-
96,"Минов А. Ф., Дзядзько А. М., Руммо О. О. Нарушения гемостаза при заболеваниях печени // Вестник трансплантологии и искусственных органов. – 2010. – Т. 2, № 12. – C. 82–91. doi: 10.15825/1995-1191-2010-2-82-91.","// – – Т. 2, № – C. 82–91. doi: 10.15825/1995-1191-2010-2-82-91.","Минов А. Ф., Дзядзько А. М., Руммо О. О.",Нарушения гемостаза при заболеваниях печени трансплантологии и искусственных,Вестник органов.,2010. 12.,-,-,-,-,-
97,"Мозжухина Н. В., Чомахидзе П. Ш., Полтавская М. Г. Факторы риска периоперационных кардиальных осложнений при плановых абдоминальных хирургических вмешательствах // Кардиология и сердечно-сосудистая хирургия. - 2015. - Т. 8, № 6. - С. 8-13. doi: 10.17116/kardio2015868-13.","// - - Т. 8, № 6. - С. 8-13. doi: 10.17116/kardio2015868-13.","Мозжухина Н. В., Чомахидзе П. Ш., Полтавская М. Г.",Факторы риска периоперационных кардиальных осложнений при плановых абдоминальных хирургических вмешательствах и сердечно-сосудистая,Кардиология хирургия.,2015.,-,-,-,-,-
98,"Мокрушина О. Г., Шумихин В. С., Левитская М. В. и др. Результаты лечения пятидесяти детей с персистирующей клоакой в условиях одного центра // Российский вестник детской хирургии, анестезиологии и реаниматологии. – 2021. – Т. 1, № 3. – С. 315–323. doi: https://doi.org/10.17816/psaic985.","и др. // – – Т. 1, № – С. 315–323. doi: https://doi.org/10.17816/psaic985.","Мокрушина О. Г., Шумихин В. С., Левитская М. В.","Результаты лечения пятидесяти детей с персистирующей клоакой в условиях одного центра вестник детской хирургии, анестезиологии и",Российский реаниматологии.,2021. 3.,-,-,-,-,-
99,"Молчан Н. С., Полушин Ю. С., Жлоба А. А. и др. Влияние анестезии с пролонгированным использованием десфлурана и севофлурана на этапе искусственного кровообращения на функцию сердца при операциях аортокоронарного шунтирования // Вестник анестезиологии и реаниматологии. – 2017. – Т. 14, № 4. – С. 23–31. https://doi.org/10.21292/2078-5658-2017-14-4-23-31.","и др. // – – Т. 14, № – С. 23–31. https://doi.org/10.21292/2078-5658-2017-14-4-23-31.","Молчан Н. С., Полушин Ю. С., Жлоба А. А.",Влияние анестезии с пролонгированным использованием десфлурана и севофлурана на этапе искусственного кровообращения на функцию сердца при операциях аортокоронарного шунтирования анестезиологии и,Вестник реаниматологии.,2017. 4.,-,-,-,-,-
100,"Мороз В. В., Добрушина О. Р., Стрельникова Е. П. и др. Предикторы кар­диальных осложнений операций на органах брюшной полости и малого таза у больных пожилого и старческого возраста // Общая реанимато­логия. - 2011. - Т. 7, № 5. - С. 26-31. doi: 10.15360/1813-9779-2011-5-26.","и др. // - - Т. 7, № 5. - С. 26-31. doi: 10.15360/1813-9779-2011-5-26.","Мороз В. В., Добрушина О. Р., Стрельникова Е. П.",Предикторы кар­диальных осложнений операций на органах брюшной полости и малого таза у больных пожилого и старческого возраста,Общая реанимато­логия.,2011.,-,-,-,-,-
101,"Мороз В. В., Лихванцев В. В., Федоров С. А. и др. Общая анестезия с сохраненным спонтанным дыханием через интубационную трубку // Общая реаниматология. – 2010. – Т. 6, № 4. – С. 43–48. https://doi.org/10.15360/1813-9779-2010-4-43.","и др. // – – Т. 6, № – С. 43–48. https://doi.org/10.15360/1813-9779-2010-4-43.","Мороз В. В., Лихванцев В. В., Федоров С. А.",Общая анестезия с сохраненным спонтанным дыханием через интубационную трубку,Общая реаниматология.,2010. 4.,-,-,-,-,-
102,"Мороз В. В., Черныш В. В., Козлова Е. К. Коронавирус SARS-CoV-2: гипотеза влияния на кровеносную систему, перспективы использования перфторуглеродной эмульсии, возможности биофизических методов исследования // Общая реаниматология. – 2020. – Т. 16, № 3. – С. 4–13. https://doi.org/10.15360/1813-9779-2020-3-0-1.","// – – Т. 16, № – С. 4–13. https://doi.org/10.15360/1813-9779-2020-3-0-1.","Мороз В. В., Черныш В. В., Козлова Е. К.","Коронавирус SARS-CoV-2: гипотеза влияния на кровеносную систему, перспективы использования перфторуглеродной эмульсии, возможности биофизических методов исследования",Общая реаниматология.,2020. 3.,-,-,-,-,-
103,Мурашко М.А. Организация оказания медицинской помощи пациентам с новой коронавирусной инфекцией COVID-19 // Вестник Росздравнадзора. – 2020. – № 4. – С. 6–14. DOI: https://doi.org/10.35576/2070-7940-2020-4-6-14.,// – – № – С. 6–14. DOI: https://doi.org/10.35576/2070-7940-2020-4-6-14.,Мурашко М.А.,Организация оказания медицинской помощи пациентам с новой коронавирусной инфекцией COVID-19,Вестник Росздравнадзора.,2020. 4.,-,-,-,-,-
104,"Налетов А. В., Шапченко Т. И., Масюта Д. И. Эффективность использования витамина D с целью формирования пищевой толерантности к белкам коровьего молока у детей с пищевой аллергией // Педиатр. – 2019. – Т. 10, № 4. – С. 25–29. doi: 10.17816/ped10425-29.","// – – Т. 10, № – С. 25–29. doi: 10.17816/ped10425-29.","Налетов А. В., Шапченко Т. И., Масюта Д. И.",Эффективность использования витамина D с целью формирования пищевой толерантности к белкам коровьего молока у детей с пищевой аллергией,Педиатр.,2019. 4.,-,-,-,-,-
105,"Налетов А. В., Шапченко Т. И., Свистунова Н. А. и др. Обеспеченность витамином D детей первого года жизни, страдающих пищевой аллергией и проживающих в условиях военного конфликта в Донбассе // Педиатр. – 2020. – Т. 11, № 2. – С. 51–56. doi: 10.17816/ped11251-56.","и др. // – – Т. 11, № – С. 51–56. doi: 10.17816/ped11251-56.","Налетов А. В., Шапченко Т. И., Свистунова Н. А.","Обеспеченность витамином D детей первого года жизни, страдающих пищевой аллергией и проживающих в условиях военного конфликта в Донбассе",Педиатр.,2020. 2.,-,-,-,-,-
106,"Пирадов М. А., Супонева Н. А., Вознюк И. А. и др. Хронические нарушения сознания: терминология и диагностические критерии. Результаты первого заседания Российской рабочей группы по проблемам хронических нарушений сознания // Анналы клинической и экспериментальной неврологии. – 2020 – Т. 14, № 1. – С. 5–16. doi: 10.25692/ACEN.2020.1.1.","и др. критерии. // – – Т. 14, № – С. 5–16. doi: 10.25692/ACEN.2020.1.1.","Пирадов М. А., Супонева Н. А., Вознюк И. А.",Хронические нарушения сознания: терминология и диагностические Результаты первого заседания Российской рабочей группы по проблемам хронических нарушений сознания клинической и экспериментальной,Анналы неврологии.,2020 1.,-,-,-,-,-
107,"Пирадов М. А., Супонева Н. А., Вознюк И. А. и др. Хронические нарушения сознания: терминология и диагностические критерии. Результаты первого заседания Российской рабочей группы по проблемам хронических нарушений сознания // Анналы клинической и экспериментальной неврологии. – 2020 – Т. 14, № 1. – С. 5–16. doi: 10.25692/ACEN.2020.1.1.","и др. критерии. // – – Т. 14, № – С. 5–16. doi: 10.25692/ACEN.2020.1.1.","Пирадов М. А., Супонева Н. А., Вознюк И. А.",Хронические нарушения сознания: терминология и диагностические Результаты первого заседания Российской рабочей группы по проблемам хронических нарушений сознания клинической и экспериментальной,Анналы неврологии.,2020 1.,-,-,-,-,-
108,"Полушин Ю. С., Древаль Р. О., Заботина А. Н. Клинико-экономическая оценка терапии острого повреждения почек при сепсисе продолжительными комбинированными методами заместительной почечной терапии // Вестн. анестезиологии и реаниматологии. -2021. - Т. 18, № 5. - С. 7-20. Doi:10.21292/2078-5658-2021-18-5-7-20.","// реаниматологии. - Т. 18, № 5. - С. 7-20. Doi:10.21292/2078-5658-2021-18-5-7-20.","Полушин Ю. С., Древаль Р. О., Заботина А. Н.",Клинико-экономическая оценка терапии острого повреждения почек при сепсисе продолжительными комбинированными методами заместительной почечной терапии анестезиологии и,Вестн.,-2021.,-,-,-,-,-
109,"Полушин Ю. С., Молчан Н. С., Жлоба А. А. и др. Доперфузионный уровень лактата и лактат-пируватного соотношения как критерий прогноза развития постперфузионной сердечной недостаточности при операции реваскуляризации миокарда в условиях искусственного кровообращения // Вестник анестезиологии и реаниматологии. – 2016. – Т. 13, № 4. – С. 19–28. https://doi.org/10.21292/2078-5658-2016-13-4-19-28.","и др. // – – Т. 13, № – С. 19–28. https://doi.org/10.21292/2078-5658-2016-13-4-19-28.","Полушин Ю. С., Молчан Н. С., Жлоба А. А.",Доперфузионный уровень лактата и лактат-пируватного соотношения как критерий прогноза развития постперфузионной сердечной недостаточности при операции реваскуляризации миокарда в условиях искусственного кровообращения анестезиологии и,Вестник реаниматологии.,2016. 4.,-,-,-,-,-
110,"Полушин Ю. С., Полушин А. Ю., Юкина Г. Ю. и др. Послеоперационная когнитивная дисфункция – что мы знаем и куда двигаться далее // Вестник анестезиологии и реаниматологии. – 2019. – Т. 16, № 1. – С. 19–28. https://doi.org/10.21292/2078-5658-2019-16-1-19-28.","и др. // – – Т. 16, № – С. 19–28. https://doi.org/10.21292/2078-5658-2019-16-1-19-28.","Полушин Ю. С., Полушин А. Ю., Юкина Г. Ю.",Послеоперационная когнитивная дисфункция – что мы знаем и куда двигаться далее анестезиологии и,Вестник реаниматологии.,2019. 1.,-,-,-,-,-
111,"Полушин Ю. С., Соколов Д. В., Белоусов Д. Ю., Чеберда А. Е. Фармакоэкономическая оценка интермиттирующей и продолжительной заместительной почечной терапии // Вестн. анестезиологии и реаниматологии. - 2017. - Т. 14, № 6. - С. 6-20. Doi: 10.21292/2078-5658-2017-14-6-6-20.","// - - Т. 14, № 6. - С. 6-20. Doi: 10.21292/2078-5658-2017-14-6-6-20.","Полушин Ю. С., Соколов Д. В., Белоусов Д. Ю., Чеберда А. Е.",Фармакоэкономическая оценка интермиттирующей и продолжительной заместительной почечной терапии анестезиологии и,Вестн. реаниматологии.,2017.,-,-,-,-,-
112,"Потехина Ю. П., Филатов Д. С. Pоль лимбической системы в генезе психовисцеросоматических расстройств // Российский остеопатический журнал. – 2017. – № 1–2. – С. 78–87. https://doi.org/10.32885/2220-0975-2017-1-2-78-87.",// – – № – С. 78–87. https://doi.org/10.32885/2220-0975-2017-1-2-78-87.,"Потехина Ю. П., Филатов Д. С.",Pоль лимбической системы в генезе психовисцеросоматических расстройств,Российский остеопатический журнал.,2017. 1–2.,-,-,-,-,-
113,"Потиевская В. И., Шветский Ф. М., Сидоров Д. В. и др. Оценка влияния ксенона на интенсивность послеоперационного болевого синдрома у онкологических пациентов: рандомизированное исследование // Вестник интенсивной терапии им. А. И. Салтанова. – 2021. – № 3. – С. 140–150. doi: 10.21320/1818-474X-2021-3-140-150.",и др. // Салтанова. – – № – С. 140–150. doi: 10.21320/1818-474X-2021-3-140-150.,"Потиевская В. И., Шветский Ф. М., Сидоров Д. В.",Оценка влияния ксенона на интенсивность послеоперационного болевого синдрома у онкологических пациентов: рандомизированное исследование интенсивной терапии им.,Вестник А. И.,2021. 3.,-,-,-,-,-
114,"Пшениснов К. В., Александрович Ю. С., Казиахмедов В. А. и др. Новая коронавивусная инфекция у детей с сопутствующими заболеваниями: шанс на выздоровление есть всегда // Журнал инфектологии. - 2020. - Т. 12, № 3. - С. 80-89. doi: https://doi.org/10.22625/2072-6732-2020-12-3-80-89.","и др. // - - Т. 12, № 3. - С. 80-89. doi: https://doi.org/10.22625/2072-6732-2020-12-3-80-89.","Пшениснов К. В., Александрович Ю. С., Казиахмедов В. А.",Новая коронавивусная инфекция у детей с сопутствующими заболеваниями: шанс на выздоровление есть всегда,Журнал инфектологии.,2020.,-,-,-,-,-
115,"Пшениснов К. В., Александрович Ю. С., Казиахмедов В. А. и др. Новая коронавирусная инфекция у детей с сопутствующими заболеваниями: шанс на выздоровление есть всегда // Журнал инфектологии. – 2020. – Т. 12, № 3. – С. 80–89. doi.org/10.22625/2072-6732-2020-12-3-80-89.","и др. // – – Т. 12, № – С. 80–89. doi.org/10.22625/2072-6732-2020-12-3-80-89.","Пшениснов К. В., Александрович Ю. С., Казиахмедов В. А.",Новая коронавирусная инфекция у детей с сопутствующими заболеваниями: шанс на выздоровление есть всегда,Журнал инфектологии.,2020. 3.,-,-,-,-,-
116,"Распопин Ю. С., Шифман Е. М., Белинина А. А. и др. Эффективность и безопасность применения терлипрессина при кесаревом сечении у беременных с высоким риском кровотечения: многоцентровое всенаправленное когортное исследование Terli-Bleed. Часть II // Вопросы гинекологии, акушерства и перинатологии. – 2021. – Т. 20, № 2. – С. 26–32. doi: 10.20953/1726-1678-2021-6-20-28.","и др. // – – Т. 20, № – С. 26–32. doi: 10.20953/1726-1678-2021-6-20-28.","Распопин Ю. С., Шифман Е. М., Белинина А. А.","Эффективность и безопасность применения терлипрессина при кесаревом сечении у беременных с высоким риском кровотечения: многоцентровое всенаправленное когортное исследование Terli-Bleed. Часть II гинекологии, акушерства и",Вопросы перинатологии.,2021. 2.,-,-,-,-,-
117,"Ратманов М. А., Бенян А. С., Кузнецова Т. В. и др. Реабилитация после эндопротезирования суставов нижних конечностей: проблемы и перспективы // Политравма. – 2020. – № 2. – С. 76–83. doi: 10.24411/1819-1495-2020-10023.",и др. // – – № – С. 76–83. doi: 10.24411/1819-1495-2020-10023.,"Ратманов М. А., Бенян А. С., Кузнецова Т. В.",Реабилитация после эндопротезирования суставов нижних конечностей: проблемы и перспективы,Политравма.,2020. 2.,-,-,-,-,-
118,"Резник О. Н., Скворцов А. Е., Теплов В. М. Применение экстракорпоральной мембранной оксигенации в практике сердечно-легочной реанимации: обзор и перспективы технологии // Вестн. хирургии им. И. И. Грекова. – 2018. – Т. 177, № 4. – С. 92–97. Doi:10.24884/0042-4625-2018-177-4-92-97.","// хирургии Грекова. – – Т. 177, № – С. 92–97. Doi:10.24884/0042-4625-2018-177-4-92-97.","Резник О. Н., Скворцов А. Е., Теплов В. М.",Применение экстракорпоральной мембранной оксигенации в практике сердечно-легочной реанимации: обзор и перспективы технологии им.,Вестн. И. И.,2018. 4.,-,-,-,-,-
119,"Розенко Д. А., Шихлярова А. И., Попова Н. Н. и др. Оценка эффективности купирования послеоперационной боли и нормализация адаптационного статуса у пациенток с онкопатологией репродуктивной системы // Южно-Российский онкологический журнал. – 2020. – № 2 (1). – С. 14–25. doi.org/10.37748/2686-9039-2021-2-1-2.",и др. // – – № 2 (1). – С. 14–25. doi.org/10.37748/2686-9039-2021-2-1-2.,"Розенко Д. А., Шихлярова А. И., Попова Н. Н.",Оценка эффективности купирования послеоперационной боли и нормализация адаптационного статуса у пациенток с онкопатологией репродуктивной системы онкологический,Южно-Российский журнал.,2020.,-,-,-,-,-
120,Ройтман Е. В. Know-how лабораторной диагностики состояния системы свертывания крови // Российский журнал детской онкологии и гематологии. – 2015. – № 1. – С. 27–35. doi.org/10.17650/2311-1267-2015-1-27-35.,// – – № – С. 27–35. doi.org/10.17650/2311-1267-2015-1-27-35.,Ройтман Е. В.,Know-how лабораторной диагностики состояния системы свертывания крови журнал детской онкологии и,Российский гематологии.,2015. 1.,-,-,-,-,-
121,"Рубцов М. С., Шукевич Д. Л. Современные экстракорпоральные методы лечения критических состояний, обусловленных системным воспалительным ответом // Анестезиология и реаниматология. - 2019. - № 4. -С. 20-30. Doi: 10.17116/anaesthesiology201904120.",// - - № 4. -С. 20-30. Doi: 10.17116/anaesthesiology201904120.,"Рубцов М. С., Шукевич Д. Л.","Современные экстракорпоральные методы лечения критических состояний, обусловленных системным воспалительным ответом",Анестезиология и реаниматология.,2019.,-,-,-,-,-
122,"Рудь И. М., Мельникова Е. А., Рассулова М. А. и др. Реабилитация больных после эндопротезирования суставов нижних конечностей // Вопросы курортологии, физиотерапии и лечебной физической культуры. – 2017. – № 6. – С. 38–44. doi 10.17116/kurort201794638-44.",и др. // – – № – С. doi 10.17116/kurort201794638-44.,"Рудь И. М., Мельникова Е. А., Рассулова М. А. 38–44.","Реабилитация больных после эндопротезирования суставов нижних конечностей курортологии, физиотерапии и лечебной физической",Вопросы культуры.,2017. 6.,-,-,-,-,-
123,"Рюмин В. Е., Кинжалова С. В., Чистякова Г. Н. и др. Использование неинвазивной респираторной поддержки в лечении респираторного дистресс-синдрома новорожденных // Вестник анестезиологии и реаниматологии. - 2020. - Т. 17, № 5. - С. 71-79. Doi: 10.21292/2078-5658-2020-17-5-71-79.","и др. // - - Т. 17, № 5. - С. 71-79. Doi: 10.21292/2078-5658-2020-17-5-71-79.","Рюмин В. Е., Кинжалова С. В., Чистякова Г. Н.",Использование неинвазивной респираторной поддержки в лечении респираторного дистресс-синдрома новорожденных анестезиологии и,Вестник реаниматологии.,2020.,-,-,-,-,-
124,"Самотруева М. А., Ясенявская А. Л., Цибизова А. А. и др. Нейроиммуноэндокринология: современные представления о молекулярных механизмах // Immunology. – 2017. – Т. 38, № 1. – С. 49–59. doi: 10.18821/0206-4952-2017-38-1-49-59.","и // – – Т. 38, № – С. 49–59. doi: 10.18821/0206-4952-2017-38-1-49-59.","Самотруева М. А., Ясенявская А. Л., Цибизова А. А.",Нейроиммуноэндокринология: современные представления о молекулярных механизмах,др. Immunology.,2017. 1.,-,-,-,-,-
125,"Самсонян Э. Х., Курганов И. А., Богданов Д. Ю. Современные представления о хирургических методах лечения больных с варикозно-расширенными венами пищевода и желудка // Эндоскопическая хирургия. – 2016. – № 5. – С. 43–48. http://doi.org/10.17116/endoskop201622543-48.",// – – № – С. 43–48. http://doi.org/10.17116/endoskop201622543-48.,"Самсонян Э. Х., Курганов И. А., Богданов Д. Ю.",Современные представления о хирургических методах лечения больных с варикозно-расширенными венами пищевода и желудка,Эндоскопическая хирургия.,2016. 5.,-,-,-,-,-
126,"Саскин В. А., Панкратьев С. Е., Антонов И. Б. и др. Комбинированная интервенционная терапия инфаркта головного мозга средней мозговой артерии // Вестник анестезиологии и реаниматологии. – 2017 – Т. 14, № 1. – С. 67–71. https://doi.org/10.21292/2078-5658-2017-14-1-67-71.","и др. // – – Т. 14, № – С. 67–71. https://doi.org/10.21292/2078-5658-2017-14-1-67-71.","Саскин В. А., Панкратьев С. Е., Антонов И. Б.",Комбинированная интервенционная терапия инфаркта головного мозга средней мозговой артерии анестезиологии и,Вестник реаниматологии.,2017 1.,-,-,-,-,-
127,"Сергеев Е. А., Шмелев М. И., Гельцер Б. И. и др. Ультраструктурные характеристики эритроцитов и их взаимосвязь с транспортом кислорода у больных ишемической болезнью сердца после коронарного шунтирования с искусственным кровообращением // Бюллетень физиологии и патологии дыхания. – 2021. – Т. 81. – С. 70–77. doi.org/10.36604/1998-5029-2021-81-70-77.",и др. // – – Т. 81. – С. 70–77. doi.org/10.36604/1998-5029-2021-81-70-77.,"Сергеев Е. А., Шмелев М. И., Гельцер Б. И.",Ультраструктурные характеристики эритроцитов и их взаимосвязь с транспортом кислорода у больных ишемической болезнью сердца после коронарного шунтирования с искусственным кровообращением физиологии и патологии,Бюллетень дыхания.,2021.,-,-,-,-,-
128,"Синбухова Е. В., Лубнин А. Ю., Попугаев К. А. Эмоциональное выгорание в анестезиологии-реаниматологии // Журнал им. Н. В. Склифосовского «Неотложная медицинская помощь». – 2019. – Т. 8, № 2. – С. 186–193. doi: 10.23934/2223-9022-2019-8-2-186-193.","// – – Т. 8, № – С. 186–193. doi: 10.23934/2223-9022-2019-8-2-186-193.","Синбухова Е. В., Лубнин А. Ю., Попугаев К. А. им. В.",Эмоциональное выгорание в анестезиологии-реаниматологии Склифосовского «Неотложная,Журнал Н. медицинская помощь».,2019. 2.,-,-,-,-,-
129,"Скворцов А. Е., Резник О. Н., Комедев С. С. Перспективы применения экстракорпоральной мембранной оксигенации в практике сердечно-легочной реанимации // Скорая медицинская помощь. – 2018. – Т. 19, № 1. – С. 72–76. Doi:10.24884/2072-6716-2018-19-1-72-76.","// – – Т. 19, № – С. 72–76. Doi:10.24884/2072-6716-2018-19-1-72-76.","Скворцов А. Е., Резник О. Н., Комедев С. С.",Перспективы применения экстракорпоральной мембранной оксигенации в практике сердечно-легочной реанимации,Скорая медицинская помощь.,2018. 1.,-,-,-,-,-
130,"Слуханчук Е. В., Бицадзе В. О., Хизроева Д. Х. и др. Тромбоциты, тромбовоспаление и онкологический процесс // Акушерство, гинекология и репродукция. – 2021. – Т. 15, № 6. – С. 755–776. doi.org/10.17749/2313-7347/ob.gyn.rep.2021.274.","и др. // – – Т. 15, № – С. 755–776. doi.org/10.17749/2313-7347/ob.gyn.rep.2021.274.","Слуханчук Е. В., Бицадзе В. О., Хизроева Д. Х. Тромбоциты,",тромбовоспаление и онкологический процесс гинекология и,"Акушерство, репродукция.",2021. 6.,-,-,-,-,-
131,"Смирнова М. И., Антипушина Д. Н., Драпкина О. М. Возможные варианты применения гелиево-кислородной смеси при острой респираторной патологии и в условиях пандемии COVID-19 // Профилактическая медицина. – 2020. – Т. 23, № 7. – С. 78–84. doi: 10.17116/profmed20202307178.","// – – Т. 23, № – С. 78–84. doi: 10.17116/profmed20202307178.","Смирнова М. И., Антипушина Д. Н., Драпкина О. М.",Возможные варианты применения гелиево-кислородной смеси при острой респираторной патологии и в условиях пандемии COVID-19,Профилактическая медицина.,2020. 7.,-,-,-,-,-
132,"Соколов C. В., Заболотский Д. В., Корячкин В. А. Профилактика послеоперационного делирия у больных пожилого и старческого возраста в ортопедической практике // Регионарная анестезия и лечение острой боли. -2018. - Т. 12, № 1. - С. 41-46. Doi: 10.18821/1993-6508-2018-12-1-41-46.","// боли. - Т. 12, № 1. - С. 41-46. Doi: 10.18821/1993-6508-2018-12-1-41-46.","Соколов C. В., Заболотский Д. В., Корячкин В. А.",Профилактика послеоперационного делирия у больных пожилого и старческого возраста в ортопедической практике анестезия и лечение острой,Регионарная,-2018.,-,-,-,-,-
133,"Соколова О. П., Макарова А. В., Серезвин И. С. и др. Опыт применения гелиокса в лечении вирусной пневмонии при COVID-19 // Медицинский альянс. – 2021. – Т. 9, № 2. – С. 8–14. doi: 10.36422/23076348-2021-9-2-8-14.","и др. // – – Т. 9, № – С. 8–14. doi: 10.36422/23076348-2021-9-2-8-14.","Соколова О. П., Макарова А. В., Серезвин И. С.",Опыт применения гелиокса в лечении вирусной пневмонии при COVID-19,Медицинский альянс.,2021. 2.,-,-,-,-,-
134,"Стерджесс Дж , Клэппы JT , Флейшер Л. А. Общий Decisio н-м принимая к в расчете я-о императивна медицине: повествовательной Реви ш // анестезиологии. - 2019. - Вып. 74 (Приложение 1). - Р. 13 -19 . doi: 10.111 1 / a nae.14504.",// - - Вып. 74 (Приложение 1). - Р. 13 -19 . doi: 10.111 1 nae.14504.,Стерджесс Флейшер Л. А.,", Клэппы , Общий Decisio н-м принимая к в расчете я-о императивна медицине: повествовательной Реви ш /",Дж JT анестезиологии. a,2019.,-,-,-,-,-
135,"Строев Ю. И., Соболевская П. А., Чурилов Л. П. и др. Роль гипокальциемии и витамина D3 в патогенезе фобий при хроническом аутоиммунном тироидите Хасимото // Педиатр. – 2017. – Т. 8, № 4. – С. 39–42. doi: 10.17816/ped8439-42.","и др. // – – Т. 8, № – С. 39–42. doi: 10.17816/ped8439-42.","Строев Ю. И., Соболевская П. А., Чурилов Л. П.",Роль гипокальциемии и витамина D3 в патогенезе фобий при хроническом аутоиммунном тироидите Хасимото,Педиатр.,2017. 4.,-,-,-,-,-
136,"Стукалов А. В., Лахин Р. Е., Ершов Е. Н. Клинический случай применения ESP-блока в торакальной хирургии // Регионарная анестезия и лечение острой боли. - 2021. - Т. 15., № 1. - С. 57-62. Doi: 10.17816/1993-6508-2021-15-1-57-62.","// - - Т. 15., № 1. - С. 57-62. Doi: 10.17816/1993-6508-2021-15-1-57-62.","Стукалов А. В., Лахин Р. Е., Ершов Е. Н.",Клинический случай применения ESP-блока в торакальной хирургии анестезия и лечение острой,Регионарная боли.,2021.,-,-,-,-,-
137,"Сумин А. Н. Актуальные вопросы оценки и коррекции риска кардиальных осложнений при некардиальных операциях // Рациональная фарма­котерапия в кардиологии. - 2020. - Т. 16, № 5. - С. 749-758. doi:10.20996/1819-6446-2020-10-08.","// - - Т. 16, № 5. - С. 749-758. doi:10.20996/1819-6446-2020-10-08.",Сумин А. Н.,Актуальные вопросы оценки и коррекции риска кардиальных осложнений при некардиальных операциях фарма­котерапия,Рациональная в кардиологии.,2020.,-,-,-,-,-
138,"Сумин С. А., Горбачев В. И., Ярославкин Р. А., Шаповалов К. Г., Гребеньков А. Б. Основные понятия и термины, рекомендуемые к использованию при экспертной оценке неблагоприятного исхода заболевания и неблагоприятного результата оказания медицинской помощи по специальности «анестезиология-реаниматология» // Анестезиология и реаниматология. - 2022. - № 1. - С. 111-117. Doi: 10.17116/anaesthesiology2022011111.",// - - № 1. - С. 111-117. Doi: 10.17116/anaesthesiology2022011111.,"Сумин С. А., Горбачев В. И., Ярославкин Р. А., Шаповалов К. Г., Гребеньков А. Б.","Основные понятия и термины, рекомендуемые к использованию при экспертной оценке неблагоприятного исхода заболевания и неблагоприятного результата оказания медицинской помощи по специальности «анестезиология-реаниматология»",Анестезиология и реаниматология.,2022.,-,-,-,-,-
139,"Сумин С. А., Кузьков В. В., Горбачев В. И., Шаповалов К. Г. Рекомендации по проведению катетеризации подключичной и других центральных вен // Вестн. интенсивной терапии имени А. И. Салтанова. - 2020. -№ 1. - С. 7-18. Doi: 10.21320/1818-474X-2020-1-7-18.",// - - С. 7-18. Doi: 10.21320/1818-474X-2020-1-7-18.,"Сумин С. А., Кузьков В. В., Горбачев В. И., Шаповалов К. Г. -№",Рекомендации по проведению катетеризации подключичной и других центральных вен интенсивной терапии имени А.,Вестн. И. Салтанова. 1.,2020.,-,-,-,-,-
140,"Тарасов Д. А., Лычагин А. В., Рукин Я. А. и др. Послеоперационное обезболивание при тотальном эндопротезировании коленного сустава: сравнительный анализ эффективности современных методик // Травматология и ортопедия России. – 2019. – Т. 25, № 2. – С. 31–41. doi: 10.21823/2311-2905-2019-25-2-31-41.","и др. // – – Т. 25, № – С. 31–41. doi: 10.21823/2311-2905-2019-25-2-31-41.","Тарасов Д. А., Лычагин А. В., Рукин Я. А.",Послеоперационное обезболивание при тотальном эндопротезировании коленного сустава: сравнительный анализ эффективности современных методик и ортопедия,Травматология России.,2019. 2.,-,-,-,-,-
141,"Теплов В. М., Комедев С. С., Скворцов А. Е. Первый опыт применения экстракорпоральной мембранной оксигенации в комплексе расширенной сердечно-легочной реанимации в стационарном отделении скорой медицинской помощи // Скорая медицинская помощь. – 2018. – Т. 19, № 1. – С. 67–71. Doi:10.24884/2072-6716-2018-19-1-67-71.","// – – Т. 19, № – С. 67–71. Doi:10.24884/2072-6716-2018-19-1-67-71.","Теплов В. М., Комедев С. С., Скворцов А. Е.",Первый опыт применения экстракорпоральной мембранной оксигенации в комплексе расширенной сердечно-легочной реанимации в стационарном отделении скорой медицинской помощи,Скорая медицинская помощь.,2018. 1.,-,-,-,-,-
142,"Теплов В. М., Комедев С. С., Скворцов А. Е. Экстренный пациент с невосстановленным сердечным ритмом как комплексная проблема догоспитального и госпитального этапов скорой медицинской помощи // Скорая медицинская помощь. – 2018. – Т. 19, № 4. – С. 17–21. Doi:10.24884/2072-6716-2018-19-4-17-21.","// – – Т. 19, № – С. 17–21. Doi:10.24884/2072-6716-2018-19-4-17-21.","Теплов В. М., Комедев С. С., Скворцов А. Е.",Экстренный пациент с невосстановленным сердечным ритмом как комплексная проблема догоспитального и госпитального этапов скорой медицинской помощи,Скорая медицинская помощь.,2018. 4.,-,-,-,-,-
143,"Титова О. Н., Кузубова Н. А., Александров А. Л. и др. Особенности центральной гемодинамики у больных внебольничной пневмонией в зависимости от течения заболевания и сердечно-сосудистой коморбидности // Терапевтический архив. – 2019. – Т. 91, № 12. – С. 29–34. https://doi.org/10.26442/00403660.2019.12.000441.","и др. // – – Т. 91, № – С. 29–34. https://doi.org/10.26442/00403660.2019.12.000441.","Титова О. Н., Кузубова Н. А., Александров А. Л.",Особенности центральной гемодинамики у больных внебольничной пневмонией в зависимости от течения заболевания и сердечно-сосудистой коморбидности,Терапевтический архив.,2019. 12.,-,-,-,-,-
144,"Троцюк Д. В., Медведев Д. С., Зарипова З. А. и др. Риски периоперационных осложнений у пациентов старших возрастных групп: причины, механизмы, возможности прогнозирования // РМЖ. Медицинское обозрение. – 2021. – Т. 5, № 3. – С. 150–155. https://doi.org/10.32364/2587-6821-2021-5-3-150-155.","и др. // – – Т. 5, № – С. 150–155. https://doi.org/10.32364/2587-6821-2021-5-3-150-155.","Троцюк Д. В., Медведев Д. С., Зарипова З. А. Медицинское","Риски периоперационных осложнений у пациентов старших возрастных групп: причины, механизмы, возможности прогнозирования",РМЖ. обозрение.,2021. 3.,-,-,-,-,-
145,"Тюрин И. Н., Раутбарт С. А., Проценко Д. Н. и др. Биомаркер напряжения миокарда NT-proBNP у больных с абдоминальным сепсисом и септическим шоком // Патология кровообращения и кардиохирургия. – 2020. – Т. 24, № 1. – С. 65–77. http://dx.doi.org/10.21688/1681-3472-2020-1-65-77.","и др. // – – Т. 24, № – С. 65–77. http://dx.doi.org/10.21688/1681-3472-2020-1-65-77.","Тюрин И. Н., Раутбарт С. А., Проценко Д. Н.",Биомаркер напряжения миокарда NT-proBNP у больных с абдоминальным сепсисом и септическим шоком кровообращения и,Патология кардиохирургия.,2020. 1.,-,-,-,-,-
146,"Унжаков В. В., Нетесин Е. С., Горбачев В. И. Спорные вопросы системной токсичности местных анестетиков // Вестник анестезиологии и реаниматологии. – 2020. – Т. 17, № 1. – С. 46–51. DOI: 10.21292/2078-5658-2020-","// – – Т. 17, № – С. 46–51. DOI: 10.21292/2078-5658-2020-","Унжаков В. В., Нетесин Е. С., Горбачев В. И.",Спорные вопросы системной токсичности местных анестетиков анестезиологии и,Вестник реаниматологии.,2020. 1.,-,-,-,-,-
147,"Устьянцева И. М., Зинченко М. А., Гусельникова Ю. А. и др. SARS-CoV-2. Маркеры воспаления // Политравма. – 2020. – № 4. – С. 35–43. doi: 10.24411/1819-1495-2020-10044.",и др. // – – № – С. 35–43. doi: 10.24411/1819-1495-2020-10044.,"Устьянцева И. М., Зинченко М. А., Гусельникова Ю. А. SARS-CoV-2.",Маркеры воспаления,Политравма.,2020. 4.,-,-,-,-,-
148,"Фабрикантов О. Л., Проничкина М. М. Капилляроскопические параметры микроциркуляции ногтевого ложа (обзор литературы) // Сибирский научный медицинский журнал. - 2018. - Т. 38, № 2. - С. 62-67. https://doi.org/10.15372/SSMJ20180210.","- - Т. 38, № 2. - С. 62-67. https://doi.org/10.15372/SSMJ20180210.","Фабрикантов О. Л., Проничкина М. М.",Капилляроскопические параметры микроциркуляции ногтевого ложа (обзор литературы) // научный медицинский,Сибирский журнал.,2018.,-,-,-,-,-
149,"Фабрикантов О. Л., Проничкина М. М. Капилляроскопические параметры микроциркуляции ногтевого ложа (обзор литературы) // Сибирский научный медицинский журнал. – 2018. – Т. 38, № 2. – С. 62–67. DOI: 10.15372/SSMJ20180210.","– – Т. 38, № – С. 62–67. DOI: 10.15372/SSMJ20180210.","Фабрикантов О. Л., Проничкина М. М.",Капилляроскопические параметры микроциркуляции ногтевого ложа (обзор литературы) // научный медицинский,Сибирский журнал.,2018. 2.,-,-,-,-,-
150,"Федорова Т. А., Шмаков Р. Г., Рогачевский О. В. и др. Менеджмент крови пациентки в акушерской практике при врастании плаценты // Медицинский Совет. – 2019. – № 7. – С. 134–141. https://doi.org/10.21518/2079-701X-2019-7-134-141.",и др. // – – № – С. 134–141. https://doi.org/10.21518/2079-701X-2019-7-134-141.,"Федорова Т. А., Шмаков Р. Г., Рогачевский О. В.",Менеджмент крови пациентки в акушерской практике при врастании плаценты,Медицинский Совет.,2019. 7.,-,-,-,-,-
151,"Фесенко О. В. Возможности современных меш-небулайзеров // Consilium Medicum. – 2018. – Т. 20, № 11. – С. 52–54. doi.org/10.26442/20751753.2018.11.000008.","// – – Т. 20, № – С. doi.org/10.26442/20751753.2018.11.000008.",Фесенко О. В.,Возможности современных меш-небулайзеров,Consilium Medicum. 52–54.,2018. 11.,-,-,-,-,-
152,"Фомин А. М., Зацепина А. А., Голенков А. К. и др. Обменный плазмаферез в лечении тромботической тромбоцитопенической пурпуры // Гематология и трансфузиология. - 2017. - Т. 62, № 2. - С. 96-100. doi: 10.18821/0234-5730-2017-62-2-96-100.","и др. // - - Т. 62, № 2. - С. 96-100. doi: 10.18821/0234-5730-2017-62-2-96-100.","Фомин А. М., Зацепина А. А., Голенков А. К.",Обменный плазмаферез в лечении тромботической тромбоцитопенической пурпуры,Гематология и трансфузиология.,2017.,-,-,-,-,-
153,"Хаертынов Х. С., Анохин В. А., Халиуллина С. В. и др. Клинико-эпидемиологические особенности и органная дисфункция при неонатальном сепсисе // Российский вестник перинатологии и педиатрии. – 2019. – Т. 64, № 5. – С. 176–182. doi: 10.21508/1027-4065-2019-64-5-176-182.","и др. // – – Т. 64, № – С. 176–182. doi: 10.21508/1027-4065-2019-64-5-176-182.","Хаертынов Х. С., Анохин В. А., Халиуллина С. В.",Клинико-эпидемиологические особенности и органная дисфункция при неонатальном сепсисе вестник перинатологии и,Российский педиатрии.,2019. 5.,-,-,-,-,-
154,"Халикова Е. Ю., Силаев Б. В. Коррекция анемии у пациентов в пред- и послеоперационном периоде и у больных в критическом состоянии // Вестник анестезиологии и реаниматологии. – 2020. – Т. 17, № 2. – С. 70-75. DOI: 10.21292/2078-5658-2020-17-2-70-75.","// – – Т. 17, № – С. 70-75. DOI: 10.21292/2078-5658-2020-17-2-70-75.","Халикова Е. Ю., Силаев Б. В.",Коррекция анемии у пациентов в пред- и послеоперационном периоде и у больных в критическом состоянии анестезиологии и,Вестник реаниматологии.,2020. 2.,-,-,-,-,-
155,хирургии // Вестник анестезиологии и реаниматологии. – 2016. – № 6. – С. 13–21. DOI 10.21292/2078-5658-2016-13-6-13-21.,// – – № – С. 10.21292/2078-5658-2016-13-6-13-21.,13–21. DOI,хирургии анестезиологии и,Вестник реаниматологии.,2016. 6.,-,-,-,-,-
156,"Ходьков Е. К., Болобошко К. Б., Кубраков К. М. и др. Сравнительная эффективность методов анальгезии при эндопротезировании коленного сустава // Вестник ВГМУ. – 2020. – № 1. – С. 66–72. doi: https://doi.org/10.22263/2312-4156.2020.1.66.",и др. // – – № – С. 66–72. doi: https://doi.org/10.22263/2312-4156.2020.1.66.,"Ходьков Е. К., Болобошко К. Б., Кубраков К. М.",Сравнительная эффективность методов анальгезии при эндопротезировании коленного сустава,Вестник ВГМУ.,2020. 1.,-,-,-,-,-
157,"Хороненко В. Э., Осипова Н. А., Бутенко А. В. и др. Временная электрокар­диостимуляция в коррекции медикаментозной брадикардии // Общая реа­ниматология. - 2007. - Т. 3, № 6. - С. 118-123. doi:10.15360/1813-9779-2007-6-118-123.","и др. // - - Т. 3, № 6. - С. 118-123. doi:10.15360/1813-9779-2007-6-118-123.","Хороненко В. Э., Осипова Н. А., Бутенко А. В.",Временная электрокар­диостимуляция в коррекции медикаментозной брадикардии,Общая реа­ниматология.,2007.,-,-,-,-,-
158,"Храмов А. Э., Макаров М. А., Макаров С. А. и др. Местные осложнения эндопротезирования тазобедренного и коленного суставов у пациентов с ревматоидным артритом и остеоартритом // Научно-практическая ревматология. – 2017. – Т. 55, № 5. – С. 549–554. doi: 10.14412/1995-4484-2017-549-554.","и др. // ревматология. – – Т. 55, № – С. 549–554. doi: 10.14412/1995-4484-2017-549-554.","Храмов А. Э., Макаров М. А., Макаров С. А.",Местные осложнения эндопротезирования тазобедренного и коленного суставов у пациентов с ревматоидным артритом и остеоартритом,Научно-практическая,2017. 5.,-,-,-,-,-
159,"Царегородцев А. Д., Хаертынов Х. С., Анохин В. А. и др. Клебсиеллезный неонатальный сепсис // Российский вестник перинатологии и педиатрии. – 2016. – Т. 4. – С. 49–54 doi: 10.21508/1027–4065–2016–61–4–49–54.",и др. // – – Т. 4. – 49–54 doi: 10.21508/1027–4065–2016–61–4–49–54.,"Царегородцев А. Д., Хаертынов Х. С., Анохин В. А.",Клебсиеллезный неонатальный сепсис вестник перинатологии и,Российский педиатрии.,2016. С.,-,-,-,-,-
160,"Чавла Л.С. , Белломо Р. , Бихорак А. и др. Острое заболевание почек и восстановление почек: согласованный доклад Инициативы по качеству острых заболеваний ( ADQI ) 16 Workgrou p // Nat. Преподобный Нефрол. - 2017. - Вып. 13 , № 4. - Р. 241 7257. doi: 10.103 8 / n rneph.2017.2.",и др. 16 // - - Вып. № 4. - Р. 241 7257. doi: 10.103 8 rneph.2017.2.,"Чавла Л.С. , Белломо Р. , Бихорак А. Преподобный",Острое заболевание почек и восстановление почек: согласованный доклад Инициативы по качеству острых заболеваний ( ADQI ) Workgrou p 13 /,Nat. Нефрол. n,"2017. ,",-,-,-,-,-
161,"Чаулин А. М., Абашина О. Е., Дупляков Д. В. Высокочувствительные сердечные тропонины (hs-Tn): методы определения и основные аналитические характеристики // Кардиоваскулярная терапия и профилактика. – 2021. – Т. 20, № 2. – С. 2590. doi:10.15829/1728-8800-2021-2590.","// – – Т. 20, № – С. 2590. doi:10.15829/1728-8800-2021-2590.","Чаулин А. М., Абашина О. Е., Дупляков Д. В.",Высокочувствительные сердечные тропонины (hs-Tn): методы определения и основные аналитические характеристики терапия и,Кардиоваскулярная профилактика.,2021. 2.,-,-,-,-,-
162,"Чаулин А. М., Григорьева Ю. В., Павлова Т. В. и др. Диагностическая ценность клинического анализа крови при сердечно-сосудистых заболеваниях // Российский кардиологический журнал. – 2020. – Т. 25, № 12. – С. 172–177. https://doi.org/10.15829/1560-4071-2020-3923.","и др. // – – Т. 25, № – С. 172–177. https://doi.org/10.15829/1560-4071-2020-3923.","Чаулин А. М., Григорьева Ю. В., Павлова Т. В.",Диагностическая ценность клинического анализа крови при сердечно-сосудистых заболеваниях,Российский кардиологический журнал.,2020. 12.,-,-,-,-,-
163,"Чу МС , Walder В. Улучшения на я-о императивен результате. Время еще раз обновить протокол s // Eur. J. Anaesthesiol. - 2020. - Вып. 37 . - Р. 1 –4 . doi: 10.109 7 / E JA .0000000000000577.",результате. // - - Вып. 37 . - Р. 1 –4 doi: 10.109 7 .0000000000000577.,Чу Walder В.,", Улучшения на я-о императивен Время еще раз обновить протокол s / E",МС Eur. J. Anaesthesiol. JA,2020. .,-,-,-,-,-
164,"Шаповалов К. Г., Сумин С. А., Ярославкин Р. А. Клинические рекомендации как юридическая основа уголовного преследования медработника // Забайкальский мед. вестн. - 2021. - № 1. - С. 68-73. Doi: 10.52485/19986173_2021_1_68.",// - - № 1. - С. 68-73. Doi: 10.52485/19986173_2021_1_68.,"Шаповалов К. Г., Сумин С. А., Ярославкин Р. А. мед.",Клинические рекомендации как юридическая основа уголовного преследования медработника,Забайкальский вестн.,2021.,-,-,-,-,-
165,"Шаталов В. И., Щеголев А. В., Грицай А. Н. и др. Нейрогенный отек легких // Вестник анестезиологии и реаниматологии. – 2018. – Т. 15, № 1. – С. 55–62. DOI: 10.21292/2078-5658-2018-15-1-55-62.","и др. // – – Т. 15, № – С. 55–62. DOI: 10.21292/2078-5658-2018-15-1-55-62.","Шаталов В. И., Щеголев А. В., Грицай А. Н.",Нейрогенный отек легких анестезиологии и,Вестник реаниматологии.,2018. 1.,-,-,-,-,-
166,"Шиманский В. Н., Одаманов Д. А., Рыжова М. В. и др. Хирургическая так- тика при удалении вестибулярных шванном после стереотаксического ра- диологического лечения. Результаты операций и морфологические изме- нения в опухолях после облучения // Вопросы нейрохирургии имени Н.Н. Бурденко. – 2018. – Т. 82, № 6. – С. 38–52. Doi 10.17116/neiro20188206138.","и др. лечения. // Бурденко. – – Т. 82, № – С. 10.17116/neiro20188206138.","Шиманский В. Н., Одаманов Д. А., Рыжова М. В. 38–52. Doi",Хирургическая так- тика при удалении вестибулярных шванном после стереотаксического ра- диологического Результаты операций и морфологические изме- нения в опухолях после облучения нейрохирургии имени Н.Н.,Вопросы,2018. 6.,-,-,-,-,-
167,"Шубняков И. И., Тихилов Р. М., Николаев Н. С. и др. Эпидемиология первичного эндопротезирования тазобедренного сустава на основании данных регистра артропластики РНИИТО им. Р. Р. Вредена // Травматология и ортопедия России. – 2017. – Т. 23, № 2. – С. 81–101. doi: 10.21823/2311-2905-2017-23-2-81-101.","и др. // – – Т. 23, № – С. 81–101. doi: 10.21823/2311-2905-2017-23-2-81-101.","Шубняков И. И., Тихилов Р. М., Николаев Н. С. РНИИТО им. Р.",Эпидемиология первичного эндопротезирования тазобедренного сустава на основании данных регистра артропластики Вредена и ортопедия,Р. Травматология России.,2017. 2.,-,-,-,-,-
168,"Эзугбая Б. С., Шолин И. Ю., Аветисян В. А. и др. Периоперационная оценка кардиологического риска при некардиохирургических оперативных вмешательствах // Инновационная медицина Кубани. - 2020. - Т. 17, № 1. - С. 61-65. doi: 10.35401/2500-0268-2020-17-1-61-65.","и др. // - - Т. 17, № 1. - С. 61-65. doi: 10.35401/2500-0268-2020-17-1-61-65.","Эзугбая Б. С., Шолин И. Ю., Аветисян В. А.",Периоперационная оценка кардиологического риска при некардиохирургических оперативных вмешательствах,Инновационная медицина Кубани.,2020.,-,-,-,-,-
169,"Ягудина Р. И., Абдрашитова Г. Т., Серпик В. Г. и др. Экономическое бремя хронической болезни почек в Российской Федерации // Фармакоэкономика: теория и практика. - 2014. - Т. 2, № 4. - С. 34-39. Doi: 10.30809/phe.4.2014.5.","и др. // - - Т. 2, № 4. - С. 34-39. Doi: 10.30809/phe.4.2014.5.","Ягудина Р. И., Абдрашитова Г. Т., Серпик В. Г.",Экономическое бремя хронической болезни почек в Российской Федерации теория и,Фармакоэкономика: практика.,2014.,-,-,-,-,-
170,"Ягудина Р. И., Абдрашитова Г. Т., Серпик В. Г. Фармакоэкономический анализ оказания медицинской помощи больным с хронической болезнью почек, нуждающимся в проведении заместительной почечной терапии методами перитонеального диализа и гемодиализа в условиях Российского здравоохранения // Фармакоэкономика: теория и практика. - 2015. - Т. 3, № 3. - С. 103-110. Doi: Doi:10.30809/phe.3.2015.2","// - - Т. 3, № 3. - С. 103-110. Doi: Doi:10.30809/phe.3.2015.2","Ягудина Р. И., Абдрашитова Г. Т., Серпик В. Г.","Фармакоэкономический анализ оказания медицинской помощи больным с хронической болезнью почек, нуждающимся в проведении заместительной почечной терапии методами перитонеального диализа и гемодиализа в условиях Российского здравоохранения теория и",Фармакоэкономика: практика.,2015.,-,-,-,-,-
171,"Ярошецкий А. И., Власенко А. В., Грицан А. И. и др. Применение неинвазивной вентиляции легких (второй пересмотр). Клинические рекомендации Общероссийской общественной организации «Федерация анестезиологов и реаниматологов» // Анестезиология и реаниматология. – 2019. – Т. 6. – С. 5–19. DOI: 10.17116/anaesthesiology20190615.",и др. пересмотр). – – Т. 6. – С. 5–19. DOI: 10.17116/anaesthesiology20190615.,"Ярошецкий А. И., Власенко А. В., Грицан А. И.",Применение неинвазивной вентиляции легких (второй Клинические рекомендации Общероссийской общественной организации «Федерация анестезиологов и реаниматологов» //,Анестезиология и реаниматология.,2019.,-,-,-,-,-
172,"Ярошецкий А. И., Грицан А. И., Авдеев С. Н. и др. Диагностика и интенсивная терапия острого респираторного дистресс-синдрома (Клинические рекомендации Общероссийской общественной организации «Федерация анестезиологов и реаниматологов») // Анестезиология и реаниматология. – 2020. – С. 5–39. doi.org/10.17116/anaesthesiology20200215.",и др. – – С. doi.org/10.17116/anaesthesiology20200215.,"Ярошецкий А. И., Грицан А. И., Авдеев С. Н.",Диагностика и интенсивная терапия острого респираторного дистресс-синдрома (Клинические рекомендации Общероссийской общественной организации «Федерация анестезиологов и реаниматологов») //,Анестезиология и реаниматология. 5–39.,2020.,-,-,-,-,-
173,"Ярошецкий А. И., Грицан А. И., Авдеев С. Н. и др. Диагностика и интенсивная терапия острого респираторного дистресс-синдрома // Анестезиология и реаниматология. – 2020. – Т. 2. – С. 5–39. DOI: 10.17116/anaesthesiology20200215.",и др. // – – Т. 2. – С. 5–39. DOI: 10.17116/anaesthesiology20200215.,"Ярошецкий А. И., Грицан А. И., Авдеев С. Н.",Диагностика и интенсивная терапия острого респираторного дистресс-синдрома,Анестезиология и реаниматология.,2020.,-,-,-,-,-
